,GAME_ID,EVENTNUM,EVENTMSGTYPE,EVENTMSGACTIONTYPE,PERIOD,WCTIMESTRING,PCTIMESTRING,HOMEDESCRIPTION,NEUTRALDESCRIPTION,VISITORDESCRIPTION,SCORE,SCOREMARGIN,PERSON1TYPE,PLAYER1_ID,PLAYER1_NAME,PLAYER1_TEAM_ID,PLAYER1_TEAM_CITY,PLAYER1_TEAM_NICKNAME,PLAYER1_TEAM_ABBREVIATION,PERSON2TYPE,PLAYER2_ID,PLAYER2_NAME,PLAYER2_TEAM_ID,PLAYER2_TEAM_CITY,PLAYER2_TEAM_NICKNAME,PLAYER2_TEAM_ABBREVIATION,PERSON3TYPE,PLAYER3_ID,PLAYER3_NAME,PLAYER3_TEAM_ID,PLAYER3_TEAM_CITY,PLAYER3_TEAM_NICKNAME,PLAYER3_TEAM_ABBREVIATION,VIDEO_AVAILABLE_FLAG
0,0022300211,2,12,0,1,4:11 PM,12:00,,Start of 1st Period (4:11 PM EST),,,,0,0,,,,,,0,0,,,,,,0,0,,,,,,1
1,0022300211,4,10,0,1,4:11 PM,12:00,Jump Ball Poeltl vs. Stewart: Tip to Schroder,,,,,4,1627751,Jakob Poeltl,1610612761.0,Toronto,Raptors,TOR,5,1630191,Isaiah Stewart,1610612765.0,Detroit,Pistons,DET,4,203471,Dennis Schroder,1610612761.0,Toronto,Raptors,TOR,1
2,0022300211,7,1,98,1,4:11 PM,11:44,Poeltl 2' Cutting Layup Shot (2 PTS) (Schroder 1 AST),,,0 - 2,2,4,1627751,Jakob Poeltl,1610612761.0,Toronto,Raptors,TOR,4,203471,Dennis Schroder,1610612761.0,Toronto,Raptors,TOR,0,0,,,,,,1
3,0022300211,9,6,2,1,4:12 PM,11:22,Poeltl S.FOUL (P1.T1) (E.Dalen),,,,,4,1627751,Jakob Poeltl,1610612761.0,Toronto,Raptors,TOR,5,1628995,Kevin Knox II,1610612765.0,Detroit,Pistons,DET,1,0,,,,,,1
4,0022300211,11,3,11,1,4:12 PM,11:22,,,Knox II Free Throw 1 of 2 (1 PTS),1 - 2,1,5,1628995,Kevin Knox II,1610612765.0,Detroit,Pistons,DET,0,0,,,,,,0,0,,,,,,1
5,0022300211,12,3,12,1,4:12 PM,11:22,,,MISS Knox II Free Throw 2 of 2,,,5,1628995,Kevin Knox II,1610612765.0,Detroit,Pistons,DET,0,0,,,,,,0,0,,,,,,1
6,0022300211,13,4,0,1,4:12 PM,11:20,Poeltl REBOUND (Off:0 Def:1),,,,,4,1627751,Jakob Poeltl,1610612761.0,Toronto,Raptors,TOR,0,0,,,,,,0,0,,,,,,1
7,0022300211,14,1,71,1,4:12 PM,11:07,Siakam 2' Finger Roll Layup (2 PTS) (Schroder 2 AST),,,1 - 4,3,4,1627783,Pascal Siakam,1610612761.0,Toronto,Raptors,TOR,4,203471,Dennis Schroder,1610612761.0,Toronto,Raptors,TOR,0,0,,,,,,1
8,0022300211,17,1,6,1,4:13 PM,10:48,,,Cunningham 5' Driving Layup (2 PTS),3 - 4,1,5,1630595,Cade Cunningham,1610612765.0,Detroit,Pistons,DET,0,0,,,,,,0,0,,,,,,1
9,0022300211,18,6,2,1,4:13 PM,10:29,,,Ivey S.FOUL (P1.T1) (E.Dalen),,,5,1631093,Jaden Ivey,1610612765.0,Detroit,Pistons,DET,4,203471,Dennis Schroder,1610612761.0,Toronto,Raptors,TOR,1,0,,,,,,1
10,0022300211,20,3,11,1,4:14 PM,10:29,MISS Schroder Free Throw 1 of 2,,,,,4,203471,Dennis Schroder,1610612761.0,Toronto,Raptors,TOR,0,0,,,,,,0,0,,,,,,1
11,0022300211,21,4,1,1,4:14 PM,10:29,RAPTORS Rebound,,,,,2,1610612761,,,,,,0,0,,,,,,0,0,,,,,,1
12,0022300211,22,3,12,1,4:14 PM,10:29,Schroder Free Throw 2 of 2 (1 PTS),,,3 - 5,2,4,203471,Dennis Schroder,1610612761.0,Toronto,Raptors,TOR,0,0,,,,,,0,0,,,,,,1
13,0022300211,23,2,80,1,4:14 PM,10:20,,,MISS Ivey 28' 3PT Step Back Jump Shot,,,5,1631093,Jaden Ivey,1610612765.0,Detroit,Pistons,DET,0,0,,,,,,0,0,,,,,,1
14,0022300211,24,4,0,1,4:14 PM,10:16,Poeltl REBOUND (Off:0 Def:2),,,,,4,1627751,Jakob Poeltl,1610612761.0,Toronto,Raptors,TOR,0,0,,,,,,0,0,,,,,,1
15,0022300211,25,5,4,1,4:14 PM,10:05,Barnes Traveling Turnover (P1.T1),,,,,4,1630567,Scottie Barnes,1610612761.0,Toronto,Raptors,TOR,0,0,,,,,,1,0,,,,,,1
16,0022300211,26,2,80,1,4:15 PM,9:49,,,MISS Knox II 24' 3PT Step Back Jump Shot,,,5,1628995,Kevin Knox II,1610612765.0,Detroit,Pistons,DET,0,0,,,,,,0,0,,,,,,1
17,0022300211,27,4,0,1,4:15 PM,9:44,,,Stewart REBOUND (Off:1 Def:0),,,5,1630191,Isaiah Stewart,1610612765.0,Detroit,Pistons,DET,0,0,,,,,,0,0,,,,,,1
18,0022300211,28,2,108,1,4:15 PM,9:41,Poeltl BLOCK (1 BLK),,MISS Knox II 2' Cutting Dunk Shot,,,5,1628995,Kevin Knox II,1610612765.0,Detroit,Pistons,DET,0,0,,,,,,4,1627751,Jakob Poeltl,1610612761.0,Toronto,Raptors,TOR,1
19,0022300211,30,4,0,1,4:15 PM,9:38,Siakam REBOUND (Off:0 Def:1),,,,,4,1627783,Pascal Siakam,1610612761.0,Toronto,Raptors,TOR,0,0,,,,,,0,0,,,,,,1
20,0022300211,31,1,2,1,4:15 PM,9:35,Anunoby 24' 3PT Running Jump Shot (3 PTS) (Siakam 1 AST),,,3 - 8,5,4,1628384,OG Anunoby,1610612761.0,Toronto,Raptors,TOR,4,1627783,Pascal Siakam,1610612761.0,Toronto,Raptors,TOR,0,0,,,,,,1
21,0022300211,33,1,86,1,4:15 PM,9:16,,,Thompson 9' Turnaround Fadeaway (2 PTS),5 - 8,3,5,1641709,Ausar Thompson,1610612765.0,Detroit,Pistons,DET,0,0,,,,,,0,0,,,,,,1
22,0022300211,34,1,80,1,4:16 PM,9:02,Anunoby 17' Step Back Jump Shot (5 PTS) (Schroder 3 AST),,,5 - 10,5,4,1628384,OG Anunoby,1610612761.0,Toronto,Raptors,TOR,4,203471,Dennis Schroder,1610612761.0,Toronto,Raptors,TOR,0,0,,,,,,1
23,0022300211,36,2,79,1,4:16 PM,8:46,,,MISS Stewart 18' Pullup Jump Shot,,,5,1630191,Isaiah Stewart,1610612765.0,Detroit,Pistons,DET,0,0,,,,,,0,0,,,,,,1
24,0022300211,37,4,0,1,4:16 PM,8:44,Poeltl REBOUND (Off:0 Def:3),,,,,4,1627751,Jakob Poeltl,1610612761.0,Toronto,Raptors,TOR,0,0,,,,,,0,0,,,,,,1
25,0022300211,38,2,103,1,4:16 PM,8:39,MISS Siakam 25' 3PT Running Pull-Up Jump Shot,,,,,4,1627783,Pascal Siakam,1610612761.0,Toronto,Raptors,TOR,0,0,,,,,,0,0,,,,,,1
26,0022300211,39,4,0,1,4:16 PM,8:36,,,Thompson REBOUND (Off:0 Def:1),,,5,1641709,Ausar Thompson,1610612765.0,Detroit,Pistons,DET,0,0,,,,,,0,0,,,,,,1
27,0022300211,40,5,1,1,4:16 PM,8:33,Siakam STEAL (1 STL),,Thompson Bad Pass Turnover (P1.T1),,,5,1641709,Ausar Thompson,1610612765.0,Detroit,Pistons,DET,4,1627783,Pascal Siakam,1610612761.0,Toronto,Raptors,TOR,0,0,,,,,,1
28,0022300211,42,1,79,1,4:16 PM,8:26,Schroder 14' Pullup Jump Shot (3 PTS),,,5 - 12,7,4,203471,Dennis Schroder,1610612761.0,Toronto,Raptors,TOR,0,0,,,,,,0,0,,,,,,1
29,0022300211,43,2,1,1,4:16 PM,8:13,,,MISS Stewart 16' Jump Shot,,,5,1630191,Isaiah Stewart,1610612765.0,Detroit,Pistons,DET,0,0,,,,,,0,0,,,,,,1
30,0022300211,44,4,0,1,4:16 PM,8:13,RAPTORS Rebound,,,,,2,1610612761,,,,,,0,0,,,,,,0,0,,,,,,1
31,0022300211,46,1,75,1,4:17 PM,7:59,Schroder 7' Driving Finger Roll Layup (5 PTS) (Siakam 2 AST),,,5 - 14,9,4,203471,Dennis Schroder,1610612761.0,Toronto,Raptors,TOR,4,1627783,Pascal Siakam,1610612761.0,Toronto,Raptors,TOR,0,0,,,,,,1
32,0022300211,47,9,1,1,4:17 PM,7:58,,,Pistons Timeout: Regular (Reg.1 Short 0),,,3,1610612765,,,,,,0,0,,,,,,0,0,,,,,,0
33,0022300211,48,1,75,1,4:20 PM,7:44,,,Ivey 4' Driving Finger Roll Layup (2 PTS) (Cunningham 1 AST),7 - 14,7,5,1631093,Jaden Ivey,1610612765.0,Detroit,Pistons,DET,5,1630595,Cade Cunningham,1610612765.0,Detroit,Pistons,DET,0,0,,,,,,1
34,0022300211,50,2,5,1,4:20 PM,7:29,MISS Siakam 3' Layup,,,,,4,1627783,Pascal Siakam,1610612761.0,Toronto,Raptors,TOR,0,0,,,,,,0,0,,,,,,1
35,0022300211,51,4,0,1,4:20 PM,7:25,,,Thompson REBOUND (Off:0 Def:2),,,5,1641709,Ausar Thompson,1610612765.0,Detroit,Pistons,DET,0,0,,,,,,0,0,,,,,,1
36,0022300211,52,2,1,1,4:20 PM,7:21,,,MISS Stewart 26' 3PT Jump Shot,,,5,1630191,Isaiah Stewart,1610612765.0,Detroit,Pistons,DET,0,0,,,,,,0,0,,,,,,1
37,0022300211,53,4,0,1,4:20 PM,7:17,Barnes REBOUND (Off:0 Def:1),,,,,4,1630567,Scottie Barnes,1610612761.0,Toronto,Raptors,TOR,0,0,,,,,,0,0,,,,,,1
38,0022300211,54,5,2,1,4:21 PM,7:10,Barnes Lost Ball Turnover (P2.T2),,Thompson STEAL (1 STL),,,4,1630567,Scottie Barnes,1610612761.0,Toronto,Raptors,TOR,5,1641709,Ausar Thompson,1610612765.0,Detroit,Pistons,DET,0,0,,,,,,1
39,0022300211,56,6,2,1,4:21 PM,7:07,Anunoby S.FOUL (P1.T2) (E.Dalen),,,,,4,1628384,OG Anunoby,1610612761.0,Toronto,Raptors,TOR,5,1641709,Ausar Thompson,1610612765.0,Detroit,Pistons,DET,1,0,,,,,,1
40,0022300211,58,3,11,1,4:21 PM,7:07,,,Thompson Free Throw 1 of 2 (3 PTS),8 - 14,6,5,1641709,Ausar Thompson,1610612765.0,Detroit,Pistons,DET,0,0,,,,,,0,0,,,,,,1
41,0022300211,59,8,0,1,4:21 PM,7:07,SUB: Trent Jr. FOR Barnes,,,,,4,1630567,Scottie Barnes,1610612761.0,Toronto,Raptors,TOR,4,1629018,Gary Trent Jr.,1610612761.0,Toronto,Raptors,TOR,0,0,,,,,,0
42,0022300211,61,3,12,1,4:21 PM,7:07,,,Thompson Free Throw 2 of 2 (4 PTS),9 - 14,5,5,1641709,Ausar Thompson,1610612765.0,Detroit,Pistons,DET,0,0,,,,,,0,0,,,,,,1
43,0022300211,62,2,102,1,4:22 PM,6:53,MISS Anunoby 5' Driving Floating Bank Jump Shot,,,,,4,1628384,OG Anunoby,1610612761.0,Toronto,Raptors,TOR,0,0,,,,,,0,0,,,,,,1
44,0022300211,64,2,97,1,4:22 PM,6:49,MISS Anunoby Tip Layup Shot,,,,,4,1628384,OG Anunoby,1610612761.0,Toronto,Raptors,TOR,0,0,,,,,,0,0,,,,,,1
45,0022300211,63,4,0,1,4:22 PM,6:49,Anunoby REBOUND (Off:1 Def:0),,,,,4,1628384,OG Anunoby,1610612761.0,Toronto,Raptors,TOR,0,0,,,,,,0,0,,,,,,1
46,0022300211,65,4,0,1,4:22 PM,6:48,,,Stewart REBOUND (Off:1 Def:1),,,5,1630191,Isaiah Stewart,1610612765.0,Detroit,Pistons,DET,0,0,,,,,,0,0,,,,,,1
47,0022300211,66,1,103,1,4:22 PM,6:46,,,Cunningham 26' 3PT Running Pull-Up Jump Shot (5 PTS),12 - 14,2,5,1630595,Cade Cunningham,1610612765.0,Detroit,Pistons,DET,0,0,,,,,,0,0,,,,,,1
48,0022300211,67,2,6,1,4:22 PM,6:26,MISS Schroder 4' Driving Layup,,,,,4,203471,Dennis Schroder,1610612761.0,Toronto,Raptors,TOR,0,0,,,,,,0,0,,,,,,1
49,0022300211,68,4,0,1,4:22 PM,6:24,Poeltl REBOUND (Off:1 Def:3),,,,,4,1627751,Jakob Poeltl,1610612761.0,Toronto,Raptors,TOR,0,0,,,,,,0,0,,,,,,1
50,0022300211,69,2,1,1,4:22 PM,6:19,MISS Schroder 24' 3PT Jump Shot,,,,,4,203471,Dennis Schroder,1610612761.0,Toronto,Raptors,TOR,0,0,,,,,,0,0,,,,,,1
51,0022300211,70,4,0,1,4:22 PM,6:18,RAPTORS Rebound,,,,,2,1610612761,,,,,,0,0,,,,,,0,0,,,,,,1
52,0022300211,71,6,3,1,4:22 PM,6:18,,,Knox II L.B.FOUL (P1.T2) (M.Boland),,,5,1628995,Kevin Knox II,1610612765.0,Detroit,Pistons,DET,4,1627751,Jakob Poeltl,1610612761.0,Toronto,Raptors,TOR,1,0,,,,,,1
53,0022300211,73,8,0,1,4:22 PM,6:18,,,SUB: Burks FOR Ivey,,,5,1631093,Jaden Ivey,1610612765.0,Detroit,Pistons,DET,5,202692,Alec Burks,1610612765.0,Detroit,Pistons,DET,0,0,,,,,,0
54,0022300211,75,2,80,1,4:23 PM,6:10,MISS Trent Jr. 25' 3PT Step Back Jump Shot,,,,,4,1629018,Gary Trent Jr.,1610612761.0,Toronto,Raptors,TOR,0,0,,,,,,0,0,,,,,,1
55,0022300211,76,4,0,1,4:23 PM,6:07,,,Burks REBOUND (Off:0 Def:1),,,5,202692,Alec Burks,1610612765.0,Detroit,Pistons,DET,0,0,,,,,,0,0,,,,,,1
56,0022300211,77,2,6,1,4:23 PM,6:00,,,MISS Cunningham 5' Driving Layup,,,5,1630595,Cade Cunningham,1610612765.0,Detroit,Pistons,DET,0,0,,,,,,0,0,,,,,,1
57,0022300211,78,4,0,1,4:23 PM,5:58,Anunoby REBOUND (Off:1 Def:1),,,,,4,1628384,OG Anunoby,1610612761.0,Toronto,Raptors,TOR,0,0,,,,,,0,0,,,,,,1
58,0022300211,79,5,1,1,4:23 PM,5:56,Anunoby Bad Pass Turnover (P1.T3),,Knox II STEAL (1 STL),,,4,1628384,OG Anunoby,1610612761.0,Toronto,Raptors,TOR,5,1628995,Kevin Knox II,1610612765.0,Detroit,Pistons,DET,0,0,,,,,,1
59,0022300211,81,2,6,1,4:23 PM,5:52,,,MISS Cunningham 2' Driving Layup,,,5,1630595,Cade Cunningham,1610612765.0,Detroit,Pistons,DET,0,0,,,,,,0,0,,,,,,1
60,0022300211,83,2,97,1,4:23 PM,5:48,Poeltl BLOCK (2 BLK),,MISS Cunningham Tip Layup Shot,,,5,1630595,Cade Cunningham,1610612765.0,Detroit,Pistons,DET,0,0,,,,,,4,1627751,Jakob Poeltl,1610612761.0,Toronto,Raptors,TOR,1
61,0022300211,82,4,0,1,4:23 PM,5:48,,,Cunningham REBOUND (Off:1 Def:0),,,5,1630595,Cade Cunningham,1610612765.0,Detroit,Pistons,DET,0,0,,,,,,0,0,,,,,,1
62,0022300211,84,4,0,1,4:23 PM,5:47,Poeltl REBOUND (Off:1 Def:4),,,,,4,1627751,Jakob Poeltl,1610612761.0,Toronto,Raptors,TOR,0,0,,,,,,0,0,,,,,,1
63,0022300211,85,2,96,1,4:23 PM,5:34,MISS Siakam 5' Turnaround Bank Hook Shot,,,,,4,1627783,Pascal Siakam,1610612761.0,Toronto,Raptors,TOR,0,0,,,,,,0,0,,,,,,1
64,0022300211,86,4,0,1,4:23 PM,5:32,,,Stewart REBOUND (Off:1 Def:2),,,5,1630191,Isaiah Stewart,1610612765.0,Detroit,Pistons,DET,0,0,,,,,,0,0,,,,,,1
65,0022300211,87,5,45,1,4:23 PM,5:21,,,Knox II Out of Bounds - Bad Pass Turnover Turnover (P1.T2),,,5,1628995,Kevin Knox II,1610612765.0,Detroit,Pistons,DET,0,0,,,,,,1,0,,,,,,1
66,0022300211,88,8,0,1,4:23 PM,5:21,SUB: Flynn FOR Anunoby,,,,,4,1628384,OG Anunoby,1610612761.0,Toronto,Raptors,TOR,4,1630201,Malachi Flynn,1610612761.0,Toronto,Raptors,TOR,0,0,,,,,,0
67,0022300211,89,8,0,1,4:23 PM,5:21,,,SUB: Bagley III FOR Stewart,,,5,1630191,Isaiah Stewart,1610612765.0,Detroit,Pistons,DET,5,1628963,Marvin Bagley III,1610612765.0,Detroit,Pistons,DET,0,0,,,,,,0
68,0022300211,92,1,75,1,4:24 PM,5:10,Schroder 2' Driving Finger Roll Layup (7 PTS) (Poeltl 1 AST),,,12 - 16,4,4,203471,Dennis Schroder,1610612761.0,Toronto,Raptors,TOR,4,1627751,Jakob Poeltl,1610612761.0,Toronto,Raptors,TOR,0,0,,,,,,1
69,0022300211,94,1,78,1,4:24 PM,4:51,,,Burks 13' Floating Jump Shot (2 PTS),14 - 16,2,5,202692,Alec Burks,1610612765.0,Detroit,Pistons,DET,0,0,,,,,,0,0,,,,,,1
70,0022300211,95,1,79,1,4:25 PM,4:31,Schroder 18' Pullup Jump Shot (9 PTS),,,14 - 18,4,4,203471,Dennis Schroder,1610612761.0,Toronto,Raptors,TOR,0,0,,,,,,0,0,,,,,,1
71,0022300211,96,1,79,1,4:25 PM,4:16,,,Cunningham 19' Pullup Jump Shot (7 PTS) (Bagley III 1 AST),16 - 18,2,5,1630595,Cade Cunningham,1610612765.0,Detroit,Pistons,DET,5,1628963,Marvin Bagley III,1610612765.0,Detroit,Pistons,DET,0,0,,,,,,1
72,0022300211,98,1,98,1,4:25 PM,4:02,Schroder 1' Cutting Layup Shot (11 PTS) (Poeltl 2 AST),,,16 - 20,4,4,203471,Dennis Schroder,1610612761.0,Toronto,Raptors,TOR,4,1627751,Jakob Poeltl,1610612761.0,Toronto,Raptors,TOR,0,0,,,,,,1
73,0022300211,101,2,101,1,4:25 PM,3:48,,,MISS Knox II 12' Driving Floating Jump Shot,,,5,1628995,Kevin Knox II,1610612765.0,Detroit,Pistons,DET,0,0,,,,,,0,0,,,,,,1
74,0022300211,102,4,0,1,4:25 PM,3:45,Poeltl REBOUND (Off:1 Def:5),,,,,4,1627751,Jakob Poeltl,1610612761.0,Toronto,Raptors,TOR,0,0,,,,,,0,0,,,,,,1
75,0022300211,103,2,58,1,4:26 PM,3:33,MISS Siakam 7' Turnaround Hook Shot,,,,,4,1627783,Pascal Siakam,1610612761.0,Toronto,Raptors,TOR,0,0,,,,,,0,0,,,,,,1
76,0022300211,104,4,0,1,4:26 PM,3:30,,,Cunningham REBOUND (Off:1 Def:1),,,5,1630595,Cade Cunningham,1610612765.0,Detroit,Pistons,DET,0,0,,,,,,0,0,,,,,,1
77,0022300211,105,2,41,1,4:26 PM,3:26,Poeltl BLOCK (3 BLK),,MISS Cunningham 1' Running Layup,,,5,1630595,Cade Cunningham,1610612765.0,Detroit,Pistons,DET,0,0,,,,,,4,1627751,Jakob Poeltl,1610612761.0,Toronto,Raptors,TOR,1
78,0022300211,107,4,0,1,4:26 PM,3:22,Siakam REBOUND (Off:0 Def:2),,,,,4,1627783,Pascal Siakam,1610612761.0,Toronto,Raptors,TOR,0,0,,,,,,0,0,,,,,,1
79,0022300211,108,2,2,1,4:26 PM,3:18,MISS Trent Jr. 25' 3PT Running Jump Shot,,,,,4,1629018,Gary Trent Jr.,1610612761.0,Toronto,Raptors,TOR,0,0,,,,,,0,0,,,,,,1
80,0022300211,109,4,0,1,4:26 PM,3:14,Siakam REBOUND (Off:1 Def:2),,,,,4,1627783,Pascal Siakam,1610612761.0,Toronto,Raptors,TOR,0,0,,,,,,0,0,,,,,,1
81,0022300211,110,2,1,1,4:26 PM,3:12,MISS Schroder 24' 3PT Jump Shot,,,,,4,203471,Dennis Schroder,1610612761.0,Toronto,Raptors,TOR,0,0,,,,,,0,0,,,,,,1
82,0022300211,111,4,0,1,4:26 PM,3:09,,,Thompson REBOUND (Off:0 Def:3),,,5,1641709,Ausar Thompson,1610612765.0,Detroit,Pistons,DET,0,0,,,,,,0,0,,,,,,1
83,0022300211,112,2,1,1,4:26 PM,3:03,,,MISS Knox II 25' 3PT Jump Shot,,,5,1628995,Kevin Knox II,1610612765.0,Detroit,Pistons,DET,0,0,,,,,,0,0,,,,,,1
84,0022300211,113,4,0,1,4:26 PM,3:00,,,Bagley III REBOUND (Off:1 Def:0),,,5,1628963,Marvin Bagley III,1610612765.0,Detroit,Pistons,DET,0,0,,,,,,0,0,,,,,,1
85,0022300211,114,1,97,1,4:26 PM,3:00,,,Bagley III Tip Layup Shot (2 PTS),18 - 20,2,5,1628963,Marvin Bagley III,1610612765.0,Detroit,Pistons,DET,0,0,,,,,,0,0,,,,,,1
86,0022300211,115,9,1,1,4:26 PM,3:00,RAPTORS Timeout: Regular (Full 1 Short 0),,,,,2,1610612761,,,,,,0,0,,,,,,0,0,,,,,,0
87,0022300211,116,8,0,1,4:28 PM,3:00,SUB: Achiuwa FOR Schroder,,,,,4,203471,Dennis Schroder,1610612761.0,Toronto,Raptors,TOR,4,1630173,Precious Achiuwa,1610612761.0,Toronto,Raptors,TOR,0,0,,,,,,0
88,0022300211,117,8,0,1,4:28 PM,3:00,SUB: Barnes FOR Poeltl,,,,,4,1627751,Jakob Poeltl,1610612761.0,Toronto,Raptors,TOR,4,1630567,Scottie Barnes,1610612761.0,Toronto,Raptors,TOR,0,0,,,,,,0
89,0022300211,118,8,0,1,4:28 PM,3:00,,,SUB: Umude FOR Cunningham,,,5,1630595,Cade Cunningham,1610612765.0,Detroit,Pistons,DET,5,1630649,Stanley Umude,1610612765.0,Detroit,Pistons,DET,0,0,,,,,,0
90,0022300211,119,8,0,1,4:28 PM,3:00,,,SUB: Sasser FOR Knox II,,,5,1628995,Kevin Knox II,1610612765.0,Detroit,Pistons,DET,5,1631204,Marcus Sasser,1610612765.0,Detroit,Pistons,DET,0,0,,,,,,0
91,0022300211,124,1,58,1,4:29 PM,2:40,Barnes 6' Turnaround Hook Shot (2 PTS) (Siakam 3 AST),,,18 - 22,4,4,1630567,Scottie Barnes,1610612761.0,Toronto,Raptors,TOR,4,1627783,Pascal Siakam,1610612761.0,Toronto,Raptors,TOR,0,0,,,,,,1
92,0022300211,126,1,79,1,4:30 PM,2:26,,,Sasser 12' Pullup Jump Shot (2 PTS),20 - 22,2,5,1631204,Marcus Sasser,1610612765.0,Detroit,Pistons,DET,0,0,,,,,,0,0,,,,,,1
93,0022300211,127,1,101,1,4:30 PM,2:13,Trent Jr. 7' Driving Floating Jump Shot (2 PTS) (Achiuwa 1 AST),,,20 - 24,4,4,1629018,Gary Trent Jr.,1610612761.0,Toronto,Raptors,TOR,4,1630173,Precious Achiuwa,1610612761.0,Toronto,Raptors,TOR,0,0,,,,,,1
94,0022300211,128,6,2,1,4:30 PM,2:13,,,Umude S.FOUL (P1.T3) (J.Goble),,,5,1630649,Stanley Umude,1610612765.0,Detroit,Pistons,DET,4,1629018,Gary Trent Jr.,1610612761.0,Toronto,Raptors,TOR,1,0,,,,,,1
95,0022300211,130,3,10,1,4:30 PM,2:13,Trent Jr. Free Throw 1 of 1 (3 PTS),,,20 - 25,5,4,1629018,Gary Trent Jr.,1610612761.0,Toronto,Raptors,TOR,0,0,,,,,,0,0,,,,,,1
96,0022300211,131,2,78,1,4:31 PM,2:00,,,MISS Burks 9' Floating Jump Shot,,,5,202692,Alec Burks,1610612765.0,Detroit,Pistons,DET,0,0,,,,,,0,0,,,,,,1
97,0022300211,132,4,0,1,4:31 PM,1:59,RAPTORS Rebound,,,,,2,1610612761,,,,,,0,0,,,,,,0,0,,,,,,0
98,0022300211,134,2,79,1,4:31 PM,1:42,MISS Barnes 22' Pullup Jump Shot,,,,,4,1630567,Scottie Barnes,1610612761.0,Toronto,Raptors,TOR,0,0,,,,,,0,0,,,,,,1
99,0022300211,135,4,0,1,4:31 PM,1:39,,,Thompson REBOUND (Off:0 Def:4),,,5,1641709,Ausar Thompson,1610612765.0,Detroit,Pistons,DET,0,0,,,,,,0,0,,,,,,1
100,0022300211,136,2,101,1,4:31 PM,1:25,,,MISS Burks 11' Driving Floating Jump Shot,,,5,202692,Alec Burks,1610612765.0,Detroit,Pistons,DET,0,0,,,,,,0,0,,,,,,1
101,0022300211,137,4,0,1,4:31 PM,1:25,,,Pistons Rebound,,,3,1610612765,,,,,,0,0,,,,,,0,0,,,,,,1
102,0022300211,138,6,3,1,4:31 PM,1:25,Flynn L.B.FOUL (P1.T3) (M.Boland),,,,,4,1630201,Malachi Flynn,1610612761.0,Toronto,Raptors,TOR,5,1628963,Marvin Bagley III,1610612765.0,Detroit,Pistons,DET,1,0,,,,,,1
103,0022300211,140,8,0,1,4:31 PM,1:25,SUB: Boucher FOR Siakam,,,,,4,1627783,Pascal Siakam,1610612761.0,Toronto,Raptors,TOR,4,1628449,Chris Boucher,1610612761.0,Toronto,Raptors,TOR,0,0,,,,,,0
104,0022300211,141,8,0,1,4:31 PM,1:25,,,SUB: Knox II FOR Thompson,,,5,1641709,Ausar Thompson,1610612765.0,Detroit,Pistons,DET,5,1628995,Kevin Knox II,1610612765.0,Detroit,Pistons,DET,0,0,,,,,,0
105,0022300211,144,5,13,1,4:32 PM,1:22,,,Burks Backcourt Turnover (P1.T3),,,5,202692,Alec Burks,1610612765.0,Detroit,Pistons,DET,0,0,,,,,,1,0,,,,,,1
106,0022300211,145,1,1,1,4:32 PM,1:11,Achiuwa 26' 3PT Jump Shot (3 PTS) (Barnes 1 AST),,,20 - 28,8,4,1630173,Precious Achiuwa,1610612761.0,Toronto,Raptors,TOR,4,1630567,Scottie Barnes,1610612761.0,Toronto,Raptors,TOR,0,0,,,,,,1
107,0022300211,147,2,79,1,4:32 PM,0:57,,,MISS Sasser 18' Pullup Jump Shot,,,5,1631204,Marcus Sasser,1610612765.0,Detroit,Pistons,DET,0,0,,,,,,0,0,,,,,,1
108,0022300211,148,4,0,1,4:32 PM,0:54,Boucher REBOUND (Off:0 Def:1),,,,,4,1628449,Chris Boucher,1610612761.0,Toronto,Raptors,TOR,0,0,,,,,,0,0,,,,,,1
109,0022300211,149,1,47,1,4:33 PM,0:46,Barnes 6' Turnaround Jump Shot (4 PTS) (Flynn 1 AST),,,20 - 30,10,4,1630567,Scottie Barnes,1610612761.0,Toronto,Raptors,TOR,4,1630201,Malachi Flynn,1610612761.0,Toronto,Raptors,TOR,0,0,,,,,,1
110,0022300211,152,5,1,1,4:33 PM,0:35,Flynn STEAL (1 STL),,Umude Bad Pass Turnover (P1.T4),,,5,1630649,Stanley Umude,1610612765.0,Detroit,Pistons,DET,4,1630201,Malachi Flynn,1610612761.0,Toronto,Raptors,TOR,0,0,,,,,,1
111,0022300211,154,1,50,1,4:33 PM,0:34,Achiuwa 1' Running Dunk (5 PTS) (Flynn 2 AST),,,20 - 32,12,4,1630173,Precious Achiuwa,1610612761.0,Toronto,Raptors,TOR,4,1630201,Malachi Flynn,1610612761.0,Toronto,Raptors,TOR,0,0,,,,,,1
112,0022300211,156,2,80,1,4:33 PM,0:15,,,MISS Burks 25' 3PT Step Back Jump Shot,,,5,202692,Alec Burks,1610612765.0,Detroit,Pistons,DET,0,0,,,,,,0,0,,,,,,1
113,0022300211,157,4,0,1,4:33 PM,0:12,Boucher REBOUND (Off:0 Def:2),,,,,4,1628449,Chris Boucher,1610612761.0,Toronto,Raptors,TOR,0,0,,,,,,0,0,,,,,,1
114,0022300211,158,2,80,1,4:34 PM,0:00,MISS Trent Jr. 27' 3PT Step Back Jump Shot,,,,,4,1629018,Gary Trent Jr.,1610612761.0,Toronto,Raptors,TOR,0,0,,,,,,0,0,,,,,,1
115,0022300211,159,4,0,1,4:34 PM,0:00,RAPTORS Rebound,,,,,2,1610612761,,,,,,0,0,,,,,,0,0,,,,,,0
116,0022300211,160,13,0,1,4:34 PM,0:00,,End of 1st Period (4:34 PM EST),,20 - 32,12,0,0,,,,,,0,0,,,,,,0,0,,,,,,1
117,0022300211,166,12,0,2,4:36 PM,12:00,,Start of 2nd Period (4:36 PM EST),,20 - 32,12,0,0,,,,,,0,0,,,,,,0,0,,,,,,0
118,0022300211,167,5,45,2,4:36 PM,11:56,,,Sasser Out of Bounds - Bad Pass Turnover Turnover (P1.T5),,,5,1631204,Marcus Sasser,1610612765.0,Detroit,Pistons,DET,0,0,,,,,,1,0,,,,,,1
119,0022300211,168,1,6,2,4:37 PM,11:49,Achiuwa 4' Driving Layup (7 PTS) (Barnes 2 AST),,,20 - 34,14,4,1630173,Precious Achiuwa,1610612761.0,Toronto,Raptors,TOR,4,1630567,Scottie Barnes,1610612761.0,Toronto,Raptors,TOR,0,0,,,,,,1
120,0022300211,169,2,78,2,4:37 PM,11:30,,,MISS Bagley III 10' Floating Jump Shot,,,5,1628963,Marvin Bagley III,1610612765.0,Detroit,Pistons,DET,0,0,,,,,,0,0,,,,,,1
121,0022300211,170,4,0,2,4:37 PM,11:26,Boucher REBOUND (Off:0 Def:3),,,,,4,1628449,Chris Boucher,1610612761.0,Toronto,Raptors,TOR,0,0,,,,,,0,0,,,,,,1
122,0022300211,171,1,76,2,4:37 PM,11:20,Boucher 1' Running Finger Roll Layup (2 PTS) (Barnes 3 AST),,,20 - 36,16,4,1628449,Chris Boucher,1610612761.0,Toronto,Raptors,TOR,4,1630567,Scottie Barnes,1610612761.0,Toronto,Raptors,TOR,0,0,,,,,,1
123,0022300211,173,1,108,2,4:37 PM,11:03,,,Bagley III Cutting Dunk Shot (4 PTS) (Umude 1 AST),22 - 36,14,5,1628963,Marvin Bagley III,1610612765.0,Detroit,Pistons,DET,5,1630649,Stanley Umude,1610612765.0,Detroit,Pistons,DET,0,0,,,,,,1
124,0022300211,175,2,101,2,4:38 PM,10:50,MISS Barnes 9' Driving Floating Jump Shot,,,,,4,1630567,Scottie Barnes,1610612761.0,Toronto,Raptors,TOR,0,0,,,,,,0,0,,,,,,1
125,0022300211,177,1,97,2,4:38 PM,10:46,Barnes Tip Layup Shot (6 PTS),,,22 - 38,16,4,1630567,Scottie Barnes,1610612761.0,Toronto,Raptors,TOR,0,0,,,,,,0,0,,,,,,1
126,0022300211,176,4,0,2,4:38 PM,10:46,Barnes REBOUND (Off:1 Def:1),,,,,4,1630567,Scottie Barnes,1610612761.0,Toronto,Raptors,TOR,0,0,,,,,,0,0,,,,,,1
127,0022300211,179,5,1,2,4:38 PM,10:26,Dick STEAL (1 STL),,Knox II Bad Pass Turnover (P2.T6),,,5,1628995,Kevin Knox II,1610612765.0,Detroit,Pistons,DET,4,1641711,Gradey Dick,1610612761.0,Toronto,Raptors,TOR,0,0,,,,,,1
128,0022300211,181,6,2,2,4:38 PM,10:21,,,Burks S.FOUL (P1.T1) (E.Dalen),,,5,202692,Alec Burks,1610612765.0,Detroit,Pistons,DET,4,1628384,OG Anunoby,1610612761.0,Toronto,Raptors,TOR,1,0,,,,,,1
129,0022300211,183,3,11,2,4:38 PM,10:21,MISS Anunoby Free Throw 1 of 2,,,,,4,1628384,OG Anunoby,1610612761.0,Toronto,Raptors,TOR,0,0,,,,,,0,0,,,,,,1
130,0022300211,184,4,1,2,4:38 PM,10:21,RAPTORS Rebound,,,,,2,1610612761,,,,,,0,0,,,,,,0,0,,,,,,0
131,0022300211,185,8,0,2,4:38 PM,10:21,,,SUB: Ivey FOR Umude,,,5,1630649,Stanley Umude,1610612765.0,Detroit,Pistons,DET,5,1631093,Jaden Ivey,1610612765.0,Detroit,Pistons,DET,0,0,,,,,,0
132,0022300211,186,8,0,2,4:38 PM,10:21,,,SUB: Cunningham FOR Sasser,,,5,1631204,Marcus Sasser,1610612765.0,Detroit,Pistons,DET,5,1630595,Cade Cunningham,1610612765.0,Detroit,Pistons,DET,0,0,,,,,,0
133,0022300211,189,3,12,2,4:39 PM,10:21,Anunoby Free Throw 2 of 2 (6 PTS),,,22 - 39,17,4,1628384,OG Anunoby,1610612761.0,Toronto,Raptors,TOR,0,0,,,,,,0,0,,,,,,1
134,0022300211,190,1,52,2,4:39 PM,10:11,,,Bagley III 1' Alley Oop Dunk (6 PTS) (Ivey 1 AST),24 - 39,15,5,1628963,Marvin Bagley III,1610612765.0,Detroit,Pistons,DET,5,1631093,Jaden Ivey,1610612765.0,Detroit,Pistons,DET,0,0,,,,,,1
135,0022300211,192,1,1,2,4:39 PM,9:59,Achiuwa 25' 3PT Jump Shot (10 PTS) (Barnes 4 AST),,,24 - 42,18,4,1630173,Precious Achiuwa,1610612761.0,Toronto,Raptors,TOR,4,1630567,Scottie Barnes,1610612761.0,Toronto,Raptors,TOR,0,0,,,,,,1
136,0022300211,194,2,1,2,4:39 PM,9:44,,,MISS Ivey 25' 3PT Jump Shot,,,5,1631093,Jaden Ivey,1610612765.0,Detroit,Pistons,DET,0,0,,,,,,0,0,,,,,,1
137,0022300211,195,4,0,2,4:39 PM,9:41,Achiuwa REBOUND (Off:0 Def:1),,,,,4,1630173,Precious Achiuwa,1610612761.0,Toronto,Raptors,TOR,0,0,,,,,,0,0,,,,,,1
138,0022300211,196,1,1,2,4:40 PM,9:33,Barnes 30' 3PT Jump Shot (9 PTS) (Anunoby 1 AST),,,24 - 45,21,4,1630567,Scottie Barnes,1610612761.0,Toronto,Raptors,TOR,4,1628384,OG Anunoby,1610612761.0,Toronto,Raptors,TOR,0,0,,,,,,1
139,0022300211,198,9,1,2,4:40 PM,9:33,,,Pistons Timeout: Regular (Reg.2 Short 0),,,3,1610612765,,,,,,0,0,,,,,,0,0,,,,,,0
140,0022300211,199,8,0,2,4:42 PM,9:33,,,SUB: Stewart FOR Knox II,,,5,1628995,Kevin Knox II,1610612765.0,Detroit,Pistons,DET,5,1630191,Isaiah Stewart,1610612765.0,Detroit,Pistons,DET,0,0,,,,,,0
141,0022300211,200,8,0,2,4:42 PM,9:33,,,SUB: Thompson FOR Bagley III,,,5,1628963,Marvin Bagley III,1610612765.0,Detroit,Pistons,DET,5,1641709,Ausar Thompson,1610612765.0,Detroit,Pistons,DET,0,0,,,,,,0
142,0022300211,203,6,2,2,4:43 PM,9:19,Dick S.FOUL (P1.T1) (M.Boland),,,,,4,1641711,Gradey Dick,1610612761.0,Toronto,Raptors,TOR,5,202692,Alec Burks,1610612765.0,Detroit,Pistons,DET,1,0,,,,,,1
143,0022300211,205,3,11,2,4:43 PM,9:19,,,Burks Free Throw 1 of 2 (3 PTS),25 - 45,20,5,202692,Alec Burks,1610612765.0,Detroit,Pistons,DET,0,0,,,,,,0,0,,,,,,1
144,0022300211,206,3,12,2,4:43 PM,9:19,,,Burks Free Throw 2 of 2 (4 PTS),26 - 45,19,5,202692,Alec Burks,1610612765.0,Detroit,Pistons,DET,0,0,,,,,,0,0,,,,,,1
145,0022300211,207,2,79,2,4:44 PM,9:02,MISS Anunoby 26' 3PT Pullup Jump Shot,,,,,4,1628384,OG Anunoby,1610612761.0,Toronto,Raptors,TOR,0,0,,,,,,0,0,,,,,,1
146,0022300211,208,4,0,2,4:44 PM,8:59,,,Stewart REBOUND (Off:1 Def:3),,,5,1630191,Isaiah Stewart,1610612765.0,Detroit,Pistons,DET,0,0,,,,,,0,0,,,,,,1
147,0022300211,210,6,2,2,4:44 PM,8:51,Boucher S.FOUL (P1.T2) (J.Goble),,,,,4,1628449,Chris Boucher,1610612761.0,Toronto,Raptors,TOR,5,202692,Alec Burks,1610612765.0,Detroit,Pistons,DET,1,0,,,,,,1
148,0022300211,212,3,11,2,4:45 PM,8:51,,,Burks Free Throw 1 of 2 (5 PTS),27 - 45,18,5,202692,Alec Burks,1610612765.0,Detroit,Pistons,DET,0,0,,,,,,0,0,,,,,,1
149,0022300211,213,3,12,2,4:45 PM,8:51,,,MISS Burks Free Throw 2 of 2,,,5,202692,Alec Burks,1610612765.0,Detroit,Pistons,DET,0,0,,,,,,0,0,,,,,,1
150,0022300211,214,4,0,2,4:45 PM,8:48,Anunoby REBOUND (Off:1 Def:2),,,,,4,1628384,OG Anunoby,1610612761.0,Toronto,Raptors,TOR,0,0,,,,,,0,0,,,,,,1
151,0022300211,215,2,79,2,4:45 PM,8:34,MISS Achiuwa 16' Pullup Jump Shot,,,,,4,1630173,Precious Achiuwa,1610612761.0,Toronto,Raptors,TOR,0,0,,,,,,0,0,,,,,,1
152,0022300211,216,4,0,2,4:45 PM,8:30,,,Thompson REBOUND (Off:0 Def:5),,,5,1641709,Ausar Thompson,1610612765.0,Detroit,Pistons,DET,0,0,,,,,,0,0,,,,,,1
153,0022300211,217,6,2,2,4:46 PM,8:17,Boucher S.FOUL (P2.T3) (J.Goble),,,,,4,1628449,Chris Boucher,1610612761.0,Toronto,Raptors,TOR,5,1641709,Ausar Thompson,1610612765.0,Detroit,Pistons,DET,1,0,,,,,,1
154,0022300211,219,3,11,2,4:46 PM,8:17,,,MISS Thompson Free Throw 1 of 2,,,5,1641709,Ausar Thompson,1610612765.0,Detroit,Pistons,DET,0,0,,,,,,0,0,,,,,,1
155,0022300211,220,4,1,2,4:46 PM,8:17,,,Pistons Rebound,,,3,1610612765,,,,,,0,0,,,,,,0,0,,,,,,0
156,0022300211,221,8,0,2,4:46 PM,8:17,SUB: Trent Jr. FOR Dick,,,,,4,1641711,Gradey Dick,1610612761.0,Toronto,Raptors,TOR,4,1629018,Gary Trent Jr.,1610612761.0,Toronto,Raptors,TOR,0,0,,,,,,0
157,0022300211,222,8,0,2,4:46 PM,8:17,,,SUB: Wiseman FOR Burks,,,5,202692,Alec Burks,1610612765.0,Detroit,Pistons,DET,5,1630164,James Wiseman,1610612765.0,Detroit,Pistons,DET,0,0,,,,,,0
158,0022300211,225,3,12,2,4:46 PM,8:17,,,Thompson Free Throw 2 of 2 (5 PTS),28 - 45,17,5,1641709,Ausar Thompson,1610612765.0,Detroit,Pistons,DET,0,0,,,,,,0,0,,,,,,1
159,0022300211,226,2,47,2,4:47 PM,8:02,MISS Anunoby 3' Turnaround Jump Shot,,Wiseman BLOCK (1 BLK),,,4,1628384,OG Anunoby,1610612761.0,Toronto,Raptors,TOR,0,0,,,,,,5,1630164,James Wiseman,1610612765.0,Detroit,Pistons,DET,1
160,0022300211,228,4,0,2,4:47 PM,7:59,,,Ivey REBOUND (Off:0 Def:1),,,5,1631093,Jaden Ivey,1610612765.0,Detroit,Pistons,DET,0,0,,,,,,0,0,,,,,,1
161,0022300211,229,2,106,2,4:47 PM,7:55,,,MISS Stewart 1' Running Alley Oop Dunk Shot,,,5,1630191,Isaiah Stewart,1610612765.0,Detroit,Pistons,DET,0,0,,,,,,0,0,,,,,,1
162,0022300211,230,4,0,2,4:47 PM,7:53,RAPTORS Rebound,,,,,2,1610612761,,,,,,0,0,,,,,,0,0,,,,,,0
163,0022300211,232,1,1,2,4:47 PM,7:42,Barnes 25' 3PT Jump Shot (12 PTS) (Achiuwa 2 AST),,,28 - 48,20,4,1630567,Scottie Barnes,1610612761.0,Toronto,Raptors,TOR,4,1630173,Precious Achiuwa,1610612761.0,Toronto,Raptors,TOR,0,0,,,,,,1
164,0022300211,234,1,108,2,4:47 PM,7:26,,,Wiseman 1' Cutting Dunk Shot (2 PTS) (Cunningham 2 AST),30 - 48,18,5,1630164,James Wiseman,1610612765.0,Detroit,Pistons,DET,5,1630595,Cade Cunningham,1610612765.0,Detroit,Pistons,DET,0,0,,,,,,1
165,0022300211,236,9,1,2,4:48 PM,7:26,RAPTORS Timeout: Regular (Full 2 Short 0),,,,,2,1610612761,,,,,,0,0,,,,,,0,0,,,,,,0
166,0022300211,237,8,0,2,4:48 PM,7:26,SUB: Schroder FOR Barnes,,,,,4,1630567,Scottie Barnes,1610612761.0,Toronto,Raptors,TOR,4,203471,Dennis Schroder,1610612761.0,Toronto,Raptors,TOR,0,0,,,,,,0
167,0022300211,238,8,0,2,4:48 PM,7:26,SUB: Poeltl FOR Achiuwa,,,,,4,1630173,Precious Achiuwa,1610612761.0,Toronto,Raptors,TOR,4,1627751,Jakob Poeltl,1610612761.0,Toronto,Raptors,TOR,0,0,,,,,,0
168,0022300211,239,8,0,2,4:48 PM,7:26,SUB: Siakam FOR Boucher,,,,,4,1628449,Chris Boucher,1610612761.0,Toronto,Raptors,TOR,4,1627783,Pascal Siakam,1610612761.0,Toronto,Raptors,TOR,0,0,,,,,,0
169,0022300211,243,2,86,2,4:51 PM,7:03,MISS Siakam 17' Turnaround Fadeaway Shot,,,,,4,1627783,Pascal Siakam,1610612761.0,Toronto,Raptors,TOR,0,0,,,,,,0,0,,,,,,1
170,0022300211,244,4,0,2,4:51 PM,7:01,,,Cunningham REBOUND (Off:1 Def:2),,,5,1630595,Cade Cunningham,1610612765.0,Detroit,Pistons,DET,0,0,,,,,,0,0,,,,,,1
171,0022300211,245,2,78,2,4:51 PM,6:45,,,MISS Cunningham 8' Floating Jump Shot,,,5,1630595,Cade Cunningham,1610612765.0,Detroit,Pistons,DET,0,0,,,,,,0,0,,,,,,1
172,0022300211,246,4,0,2,4:51 PM,6:41,Anunoby REBOUND (Off:1 Def:3),,,,,4,1628384,OG Anunoby,1610612761.0,Toronto,Raptors,TOR,0,0,,,,,,0,0,,,,,,1
173,0022300211,247,6,2,2,4:51 PM,6:33,,,Wiseman S.FOUL (P1.T2) (E.Dalen),,,5,1630164,James Wiseman,1610612765.0,Detroit,Pistons,DET,4,1627751,Jakob Poeltl,1610612761.0,Toronto,Raptors,TOR,1,0,,,,,,1
174,0022300211,249,3,11,2,4:52 PM,6:33,Poeltl Free Throw 1 of 2 (3 PTS),,,30 - 49,19,4,1627751,Jakob Poeltl,1610612761.0,Toronto,Raptors,TOR,0,0,,,,,,0,0,,,,,,1
175,0022300211,250,3,12,2,4:52 PM,6:33,Poeltl Free Throw 2 of 2 (4 PTS),,,30 - 50,20,4,1627751,Jakob Poeltl,1610612761.0,Toronto,Raptors,TOR,0,0,,,,,,0,0,,,,,,1
176,0022300211,251,1,79,2,4:52 PM,6:15,,,Cunningham 26' 3PT Pullup Jump Shot (10 PTS),33 - 50,17,5,1630595,Cade Cunningham,1610612765.0,Detroit,Pistons,DET,0,0,,,,,,0,0,,,,,,1
177,0022300211,252,2,1,2,4:53 PM,5:59,MISS Anunoby 25' 3PT Jump Shot,,,,,4,1628384,OG Anunoby,1610612761.0,Toronto,Raptors,TOR,0,0,,,,,,0,0,,,,,,1
178,0022300211,253,4,0,2,4:53 PM,5:58,,,Pistons Rebound,,,3,1610612765,,,,,,0,0,,,,,,0,0,,,,,,1
179,0022300211,255,6,3,2,4:53 PM,5:58,Poeltl L.B.FOUL (P2.T4) (J.Goble),,,,,4,1627751,Jakob Poeltl,1610612761.0,Toronto,Raptors,TOR,5,1641709,Ausar Thompson,1610612765.0,Detroit,Pistons,DET,1,0,,,,,,1
180,0022300211,257,1,6,2,4:53 PM,5:45,,,Cunningham 2' Driving Layup (12 PTS),35 - 50,15,5,1630595,Cade Cunningham,1610612765.0,Detroit,Pistons,DET,0,0,,,,,,0,0,,,,,,1
181,0022300211,258,1,80,2,4:53 PM,5:31,Trent Jr. 23' Step Back Jump Shot (5 PTS) (Schroder 4 AST),,,35 - 52,17,4,1629018,Gary Trent Jr.,1610612761.0,Toronto,Raptors,TOR,4,203471,Dennis Schroder,1610612761.0,Toronto,Raptors,TOR,0,0,,,,,,1
182,0022300211,259,1,1,2,4:53 PM,5:19,,,Stewart 25' 3PT Jump Shot (3 PTS) (Cunningham 3 AST),38 - 52,14,5,1630191,Isaiah Stewart,1610612765.0,Detroit,Pistons,DET,5,1630595,Cade Cunningham,1610612765.0,Detroit,Pistons,DET,0,0,,,,,,1
183,0022300211,261,6,11,2,4:54 PM,5:17,,,Stewart T.FOUL (P0.T2) (M.Boland),,,5,1630191,Isaiah Stewart,1610612765.0,Detroit,Pistons,DET,0,0,,,,,,1,0,,,,,,0
184,0022300211,265,18,7,2,4:54 PM,5:17,,Instant Replay2nd Period (4:54 PM EST),,38 - 52,14,0,258,Brian Grant,,,,,0,0,,,,,,1,0,,,,,,0
185,0022300211,262,3,16,2,4:54 PM,5:17,Trent Jr. Free Throw Technical (6 PTS),,,38 - 53,15,4,1629018,Gary Trent Jr.,1610612761.0,Toronto,Raptors,TOR,0,0,,,,,,0,0,,,,,,1
186,0022300211,263,8,0,2,4:54 PM,5:17,SUB: Flynn FOR Anunoby,,,,,4,1628384,OG Anunoby,1610612761.0,Toronto,Raptors,TOR,4,1630201,Malachi Flynn,1610612761.0,Toronto,Raptors,TOR,0,0,,,,,,0
187,0022300211,266,5,8,2,4:55 PM,4:58,Poeltl 3 Second Violation Turnover (P1.T4),,,,,4,1627751,Jakob Poeltl,1610612761.0,Toronto,Raptors,TOR,0,0,,,,,,1,0,,,,,,1
188,0022300211,267,2,5,2,4:56 PM,4:43,,,MISS Ivey 6' Layup,,,5,1631093,Jaden Ivey,1610612765.0,Detroit,Pistons,DET,0,0,,,,,,0,0,,,,,,1
189,0022300211,268,4,0,2,4:56 PM,4:39,Flynn REBOUND (Off:0 Def:1),,,,,4,1630201,Malachi Flynn,1610612761.0,Toronto,Raptors,TOR,0,0,,,,,,0,0,,,,,,1
190,0022300211,269,1,78,2,4:56 PM,4:32,Siakam 8' Floating Jump Shot (4 PTS) (Trent Jr. 1 AST),,,38 - 55,17,4,1627783,Pascal Siakam,1610612761.0,Toronto,Raptors,TOR,4,1629018,Gary Trent Jr.,1610612761.0,Toronto,Raptors,TOR,0,0,,,,,,1
191,0022300211,271,2,79,2,4:56 PM,4:15,,,MISS Ivey 29' 3PT Pullup Jump Shot,,,5,1631093,Jaden Ivey,1610612765.0,Detroit,Pistons,DET,0,0,,,,,,0,0,,,,,,1
192,0022300211,272,4,0,2,4:56 PM,4:12,Poeltl REBOUND (Off:1 Def:6),,,,,4,1627751,Jakob Poeltl,1610612761.0,Toronto,Raptors,TOR,0,0,,,,,,0,0,,,,,,1
193,0022300211,273,8,0,2,4:57 PM,4:03,SUB: Barnes FOR Flynn,,,,,4,1630201,Malachi Flynn,1610612761.0,Toronto,Raptors,TOR,4,1630567,Scottie Barnes,1610612761.0,Toronto,Raptors,TOR,0,0,,,,,,0
194,0022300211,274,8,0,2,4:57 PM,4:03,,,SUB: Burks FOR Ivey,,,5,1631093,Jaden Ivey,1610612765.0,Detroit,Pistons,DET,5,202692,Alec Burks,1610612765.0,Detroit,Pistons,DET,0,0,,,,,,0
195,0022300211,277,10,0,2,4:57 PM,3:59,Jump Ball Siakam vs. Thompson: Tip to Trent Jr.,,,,,4,1627783,Pascal Siakam,1610612761.0,Toronto,Raptors,TOR,5,1641709,Ausar Thompson,1610612765.0,Detroit,Pistons,DET,4,1629018,Gary Trent Jr.,1610612761.0,Toronto,Raptors,TOR,0
196,0022300211,280,1,98,2,4:57 PM,3:53,Poeltl 3' Cutting Layup Shot (6 PTS) (Schroder 5 AST),,,38 - 57,19,4,1627751,Jakob Poeltl,1610612761.0,Toronto,Raptors,TOR,4,203471,Dennis Schroder,1610612761.0,Toronto,Raptors,TOR,0,0,,,,,,1
197,0022300211,282,6,2,2,4:58 PM,3:35,Trent Jr. S.FOUL (P1.PN) (J.Goble),,,,,4,1629018,Gary Trent Jr.,1610612761.0,Toronto,Raptors,TOR,5,1630595,Cade Cunningham,1610612765.0,Detroit,Pistons,DET,1,0,,,,,,1
198,0022300211,284,3,11,2,4:58 PM,3:35,,,MISS Cunningham Free Throw 1 of 2,,,5,1630595,Cade Cunningham,1610612765.0,Detroit,Pistons,DET,0,0,,,,,,0,0,,,,,,1
199,0022300211,285,4,1,2,4:58 PM,3:35,,,Pistons Rebound,,,3,1610612765,,,,,,0,0,,,,,,0,0,,,,,,0
200,0022300211,288,3,12,2,4:58 PM,3:35,,,Cunningham Free Throw 2 of 2 (13 PTS),39 - 57,18,5,1630595,Cade Cunningham,1610612765.0,Detroit,Pistons,DET,0,0,,,,,,0,0,,,,,,1
201,0022300211,286,8,0,2,4:58 PM,3:35,,,SUB: Knox II FOR Stewart,,,5,1630191,Isaiah Stewart,1610612765.0,Detroit,Pistons,DET,5,1628995,Kevin Knox II,1610612765.0,Detroit,Pistons,DET,0,0,,,,,,0
202,0022300211,289,1,1,2,4:59 PM,3:24,Barnes 3PT Jump Shot (15 PTS) (Trent Jr. 2 AST),,,39 - 60,21,4,1630567,Scottie Barnes,1610612761.0,Toronto,Raptors,TOR,4,1629018,Gary Trent Jr.,1610612761.0,Toronto,Raptors,TOR,0,0,,,,,,1
203,0022300211,291,1,80,2,4:59 PM,3:08,,,Cunningham 17' Step Back Jump Shot (15 PTS),41 - 60,19,5,1630595,Cade Cunningham,1610612765.0,Detroit,Pistons,DET,0,0,,,,,,0,0,,,,,,1
204,0022300211,292,1,5,2,4:59 PM,2:53,Siakam 6' Layup (6 PTS) (Poeltl 3 AST),,,41 - 62,21,4,1627783,Pascal Siakam,1610612761.0,Toronto,Raptors,TOR,4,1627751,Jakob Poeltl,1610612761.0,Toronto,Raptors,TOR,0,0,,,,,,1
205,0022300211,294,2,80,2,4:59 PM,2:44,,,MISS Cunningham 27' 3PT Step Back Jump Shot,,,5,1630595,Cade Cunningham,1610612765.0,Detroit,Pistons,DET,0,0,,,,,,0,0,,,,,,1
206,0022300211,295,4,0,2,4:59 PM,2:42,Siakam REBOUND (Off:1 Def:3),,,,,4,1627783,Pascal Siakam,1610612761.0,Toronto,Raptors,TOR,0,0,,,,,,0,0,,,,,,1
207,0022300211,296,2,6,2,5:00 PM,2:35,MISS Siakam 3' Driving Layup,,,,,4,1627783,Pascal Siakam,1610612761.0,Toronto,Raptors,TOR,0,0,,,,,,0,0,,,,,,1
208,0022300211,297,4,0,2,5:00 PM,2:35,,,Thompson REBOUND (Off:0 Def:6),,,5,1641709,Ausar Thompson,1610612765.0,Detroit,Pistons,DET,0,0,,,,,,0,0,,,,,,1
209,0022300211,298,2,2,2,5:00 PM,2:29,,,MISS Burks 3PT Running Jump Shot,,,5,202692,Alec Burks,1610612765.0,Detroit,Pistons,DET,0,0,,,,,,0,0,,,,,,1
210,0022300211,299,4,0,2,5:00 PM,2:25,Barnes REBOUND (Off:1 Def:2),,,,,4,1630567,Scottie Barnes,1610612761.0,Toronto,Raptors,TOR,0,0,,,,,,0,0,,,,,,1
211,0022300211,300,1,50,2,5:00 PM,2:23,Poeltl 1' Running Dunk (8 PTS) (Siakam 4 AST),,,41 - 64,23,4,1627751,Jakob Poeltl,1610612761.0,Toronto,Raptors,TOR,4,1627783,Pascal Siakam,1610612761.0,Toronto,Raptors,TOR,0,0,,,,,,1
212,0022300211,302,6,2,2,5:00 PM,2:23,,,Cunningham S.FOUL (P1.T3) (J.Goble),,,5,1630595,Cade Cunningham,1610612765.0,Detroit,Pistons,DET,4,1627751,Jakob Poeltl,1610612761.0,Toronto,Raptors,TOR,1,0,,,,,,1
213,0022300211,304,8,0,2,5:00 PM,2:23,,,SUB: Umude FOR Thompson,,,5,1641709,Ausar Thompson,1610612765.0,Detroit,Pistons,DET,5,1630649,Stanley Umude,1610612765.0,Detroit,Pistons,DET,0,0,,,,,,0
214,0022300211,306,3,10,2,5:00 PM,2:23,Poeltl Free Throw 1 of 1 (9 PTS),,,41 - 65,24,4,1627751,Jakob Poeltl,1610612761.0,Toronto,Raptors,TOR,0,0,,,,,,0,0,,,,,,1
215,0022300211,307,2,101,2,5:01 PM,2:07,,,MISS Burks 5' Driving Floating Jump Shot,,,5,202692,Alec Burks,1610612765.0,Detroit,Pistons,DET,0,0,,,,,,0,0,,,,,,1
216,0022300211,308,4,0,2,5:01 PM,2:04,,,Burks REBOUND (Off:1 Def:1),,,5,202692,Alec Burks,1610612765.0,Detroit,Pistons,DET,0,0,,,,,,0,0,,,,,,1
217,0022300211,309,1,97,2,5:01 PM,2:04,,,Burks Tip Layup Shot (7 PTS),43 - 65,22,5,202692,Alec Burks,1610612765.0,Detroit,Pistons,DET,0,0,,,,,,0,0,,,,,,1
218,0022300211,310,1,79,2,5:01 PM,1:53,Schroder 19' Pullup Jump Shot (13 PTS),,,43 - 67,24,4,203471,Dennis Schroder,1610612761.0,Toronto,Raptors,TOR,0,0,,,,,,0,0,,,,,,1
219,0022300211,311,6,4,2,5:01 PM,1:37,,,Wiseman OFF.Foul (P2) (J.Goble),,,5,1630164,James Wiseman,1610612765.0,Detroit,Pistons,DET,4,203471,Dennis Schroder,1610612761.0,Toronto,Raptors,TOR,1,0,,,,,,1
220,0022300211,313,5,37,2,5:01 PM,1:37,,,Wiseman Offensive Foul Turnover (P1.T7),,,5,1630164,James Wiseman,1610612765.0,Detroit,Pistons,DET,0,0,,,,,,1,0,,,,,,1
221,0022300211,314,2,102,2,5:02 PM,1:27,MISS Trent Jr. 4' Driving Floating Bank Jump Shot,,,,,4,1629018,Gary Trent Jr.,1610612761.0,Toronto,Raptors,TOR,0,0,,,,,,0,0,,,,,,1
222,0022300211,315,4,0,2,5:02 PM,1:24,,,Knox II REBOUND (Off:0 Def:1),,,5,1628995,Kevin Knox II,1610612765.0,Detroit,Pistons,DET,0,0,,,,,,0,0,,,,,,1
223,0022300211,316,5,1,2,5:02 PM,1:08,Schroder STEAL (1 STL),,Cunningham Bad Pass Turnover (P1.T8),,,5,1630595,Cade Cunningham,1610612765.0,Detroit,Pistons,DET,4,203471,Dennis Schroder,1610612761.0,Toronto,Raptors,TOR,0,0,,,,,,1
224,0022300211,318,2,41,2,5:02 PM,1:04,MISS Siakam 1' Running Layup,,,,,4,1627783,Pascal Siakam,1610612761.0,Toronto,Raptors,TOR,0,0,,,,,,0,0,,,,,,1
225,0022300211,319,4,0,2,5:02 PM,1:03,RAPTORS Rebound,,,,,2,1610612761,,,,,,0,0,,,,,,0,0,,,,,,1
226,0022300211,321,8,0,2,5:02 PM,1:03,SUB: Anunoby FOR Poeltl,,,,,4,1627751,Jakob Poeltl,1610612761.0,Toronto,Raptors,TOR,4,1628384,OG Anunoby,1610612761.0,Toronto,Raptors,TOR,0,0,,,,,,0
227,0022300211,323,8,0,2,5:02 PM,1:03,,,SUB: Stewart FOR Wiseman,,,5,1630164,James Wiseman,1610612765.0,Detroit,Pistons,DET,5,1630191,Isaiah Stewart,1610612765.0,Detroit,Pistons,DET,0,0,,,,,,0
228,0022300211,325,2,80,2,5:03 PM,0:54,MISS Schroder 26' 3PT Step Back Jump Shot,,,,,4,203471,Dennis Schroder,1610612761.0,Toronto,Raptors,TOR,0,0,,,,,,0,0,,,,,,1
229,0022300211,326,4,0,2,5:03 PM,0:52,,,Knox II REBOUND (Off:0 Def:2),,,5,1628995,Kevin Knox II,1610612765.0,Detroit,Pistons,DET,0,0,,,,,,0,0,,,,,,1
230,0022300211,327,2,63,2,5:03 PM,0:42,,,MISS Cunningham 13' Fadeaway Jumper,,,5,1630595,Cade Cunningham,1610612765.0,Detroit,Pistons,DET,0,0,,,,,,0,0,,,,,,1
231,0022300211,328,4,0,2,5:03 PM,0:41,Schroder REBOUND (Off:0 Def:1),,,,,4,203471,Dennis Schroder,1610612761.0,Toronto,Raptors,TOR,0,0,,,,,,0,0,,,,,,1
232,0022300211,329,1,41,2,5:03 PM,0:36,Siakam 1' Running Layup (8 PTS) (Barnes 5 AST),,,43 - 69,26,4,1627783,Pascal Siakam,1610612761.0,Toronto,Raptors,TOR,4,1630567,Scottie Barnes,1610612761.0,Toronto,Raptors,TOR,0,0,,,,,,1
233,0022300211,331,1,5,2,5:03 PM,0:20,,,Stewart 1' Layup (5 PTS),45 - 69,24,5,1630191,Isaiah Stewart,1610612765.0,Detroit,Pistons,DET,0,0,,,,,,0,0,,,,,,1
234,0022300211,333,2,6,2,5:04 PM,0:02,MISS Schroder 4' Driving Layup,,,,,4,203471,Dennis Schroder,1610612761.0,Toronto,Raptors,TOR,0,0,,,,,,0,0,,,,,,1
235,0022300211,334,4,0,2,5:04 PM,0:01,,,Cunningham REBOUND (Off:1 Def:3),,,5,1630595,Cade Cunningham,1610612765.0,Detroit,Pistons,DET,0,0,,,,,,0,0,,,,,,1
236,0022300211,335,2,76,2,5:04 PM,0:00,,,MISS Knox II 5' Running Finger Roll Layup,,,5,1628995,Kevin Knox II,1610612765.0,Detroit,Pistons,DET,0,0,,,,,,0,0,,,,,,1
237,0022300211,336,4,0,2,5:04 PM,0:00,,,Pistons Rebound,,,3,1610612765,,,,,,0,0,,,,,,0,0,,,,,,1
238,0022300211,337,13,0,2,5:04 PM,0:00,,End of 2nd Period (5:04 PM EST),,45 - 69,24,0,0,,,,,,0,0,,,,,,0,0,,,,,,1
239,0022300211,345,12,0,3,5:19 PM,12:00,,Start of 3rd Period (5:19 PM EST),,45 - 69,24,0,0,,,,,,0,0,,,,,,0,0,,,,,,0
240,0022300211,346,2,79,3,5:19 PM,11:52,,,MISS Ivey 25' 3PT Pullup Jump Shot,,,5,1631093,Jaden Ivey,1610612765.0,Detroit,Pistons,DET,0,0,,,,,,0,0,,,,,,1
241,0022300211,347,4,0,3,5:20 PM,11:47,,,Thompson REBOUND (Off:1 Def:6),,,5,1641709,Ausar Thompson,1610612765.0,Detroit,Pistons,DET,0,0,,,,,,0,0,,,,,,1
242,0022300211,348,5,2,3,5:20 PM,11:43,Poeltl STEAL (1 STL),,Thompson Lost Ball Turnover (P2.T9),,,5,1641709,Ausar Thompson,1610612765.0,Detroit,Pistons,DET,4,1627751,Jakob Poeltl,1610612761.0,Toronto,Raptors,TOR,0,0,,,,,,1
243,0022300211,350,2,41,3,5:20 PM,11:37,MISS Barnes 3' Running Layup,,,,,4,1630567,Scottie Barnes,1610612761.0,Toronto,Raptors,TOR,0,0,,,,,,0,0,,,,,,1
244,0022300211,351,4,0,3,5:20 PM,11:36,Siakam REBOUND (Off:2 Def:3),,,,,4,1627783,Pascal Siakam,1610612761.0,Toronto,Raptors,TOR,0,0,,,,,,0,0,,,,,,1
245,0022300211,352,1,108,3,5:20 PM,11:34,Barnes Cutting Dunk Shot (17 PTS) (Poeltl 4 AST),,,45 - 71,26,4,1630567,Scottie Barnes,1610612761.0,Toronto,Raptors,TOR,4,1627751,Jakob Poeltl,1610612761.0,Toronto,Raptors,TOR,0,0,,,,,,1
246,0022300211,354,2,93,3,5:20 PM,11:19,,,MISS Thompson 5' Driving Bank Hook Shot,,,5,1641709,Ausar Thompson,1610612765.0,Detroit,Pistons,DET,0,0,,,,,,0,0,,,,,,1
247,0022300211,355,4,0,3,5:20 PM,11:18,Barnes REBOUND (Off:1 Def:3),,,,,4,1630567,Scottie Barnes,1610612761.0,Toronto,Raptors,TOR,0,0,,,,,,0,0,,,,,,1
248,0022300211,356,2,41,3,5:20 PM,11:14,MISS Anunoby 1' Running Layup,,Thompson BLOCK (1 BLK),,,4,1628384,OG Anunoby,1610612761.0,Toronto,Raptors,TOR,0,0,,,,,,5,1641709,Ausar Thompson,1610612765.0,Detroit,Pistons,DET,1
249,0022300211,358,4,0,3,5:20 PM,11:09,Poeltl REBOUND (Off:2 Def:6),,,,,4,1627751,Jakob Poeltl,1610612761.0,Toronto,Raptors,TOR,0,0,,,,,,0,0,,,,,,1
250,0022300211,359,2,1,3,5:20 PM,11:07,MISS Barnes 26' 3PT Jump Shot,,,,,4,1630567,Scottie Barnes,1610612761.0,Toronto,Raptors,TOR,0,0,,,,,,0,0,,,,,,1
251,0022300211,360,4,0,3,5:20 PM,11:06,,,Thompson REBOUND (Off:1 Def:7),,,5,1641709,Ausar Thompson,1610612765.0,Detroit,Pistons,DET,0,0,,,,,,0,0,,,,,,1
252,0022300211,361,1,57,3,5:20 PM,10:59,,,Knox II 6' Driving Hook Shot (3 PTS),47 - 71,24,5,1628995,Kevin Knox II,1610612765.0,Detroit,Pistons,DET,0,0,,,,,,0,0,,,,,,1
253,0022300211,362,6,11,3,5:21 PM,10:45,Anunoby T.FOUL (P1.T0) (E.Dalen),,,,,4,1628384,OG Anunoby,1610612761.0,Toronto,Raptors,TOR,0,0,,,,,,1,0,,,,,,1
254,0022300211,363,3,16,3,5:21 PM,10:45,,,MISS Cunningham Free Throw Technical,,,5,1630595,Cade Cunningham,1610612765.0,Detroit,Pistons,DET,0,0,,,,,,0,0,,,,,,1
255,0022300211,364,4,1,3,5:21 PM,10:45,RAPTORS Rebound,,,,,2,1610612761,,,,,,0,0,,,,,,0,0,,,,,,0
256,0022300211,367,1,101,3,5:22 PM,10:35,Schroder 2' Driving Floating Jump Shot (15 PTS) (Barnes 6 AST),,,47 - 73,26,4,203471,Dennis Schroder,1610612761.0,Toronto,Raptors,TOR,4,1630567,Scottie Barnes,1610612761.0,Toronto,Raptors,TOR,0,0,,,,,,1
257,0022300211,406,7,2,3,5:22 PM,10:35,,,Defensive Goaltending,,,5,1630191,Isaiah Stewart,1610612765.0,Detroit,Pistons,DET,0,0,,,,,,0,0,,,,,,0
258,0022300211,369,2,1,3,5:22 PM,10:19,,,MISS Cunningham 25' 3PT Jump Shot,,,5,1630595,Cade Cunningham,1610612765.0,Detroit,Pistons,DET,0,0,,,,,,0,0,,,,,,1
259,0022300211,370,4,0,3,5:22 PM,10:15,Siakam REBOUND (Off:2 Def:4),,,,,4,1627783,Pascal Siakam,1610612761.0,Toronto,Raptors,TOR,0,0,,,,,,0,0,,,,,,1
260,0022300211,373,6,1,3,5:22 PM,10:09,,,Thompson P.FOUL (P1.T1) (J.Goble),,,5,1641709,Ausar Thompson,1610612765.0,Detroit,Pistons,DET,4,1628384,OG Anunoby,1610612761.0,Toronto,Raptors,TOR,1,0,,,,,,1
261,0022300211,375,6,2,3,5:23 PM,10:03,,,Stewart S.FOUL (P1.T2) (E.Dalen),,,5,1630191,Isaiah Stewart,1610612765.0,Detroit,Pistons,DET,4,1627751,Jakob Poeltl,1610612761.0,Toronto,Raptors,TOR,1,0,,,,,,1
262,0022300211,377,3,11,3,5:23 PM,10:03,Poeltl Free Throw 1 of 2 (10 PTS),,,47 - 74,27,4,1627751,Jakob Poeltl,1610612761.0,Toronto,Raptors,TOR,0,0,,,,,,0,0,,,,,,1
263,0022300211,378,3,12,3,5:23 PM,10:03,MISS Poeltl Free Throw 2 of 2,,,,,4,1627751,Jakob Poeltl,1610612761.0,Toronto,Raptors,TOR,0,0,,,,,,0,0,,,,,,1
264,0022300211,379,4,0,3,5:23 PM,10:01,,,Stewart REBOUND (Off:1 Def:4),,,5,1630191,Isaiah Stewart,1610612765.0,Detroit,Pistons,DET,0,0,,,,,,0,0,,,,,,1
265,0022300211,380,1,1,3,5:24 PM,9:45,,,Knox II 24' 3PT Jump Shot (6 PTS) (Thompson 1 AST),50 - 74,24,5,1628995,Kevin Knox II,1610612765.0,Detroit,Pistons,DET,5,1641709,Ausar Thompson,1610612765.0,Detroit,Pistons,DET,0,0,,,,,,1
266,0022300211,382,1,63,3,5:24 PM,9:22,Siakam 13' Fadeaway Jumper (10 PTS),,,50 - 76,26,4,1627783,Pascal Siakam,1610612761.0,Toronto,Raptors,TOR,0,0,,,,,,0,0,,,,,,1
267,0022300211,383,2,66,3,5:24 PM,9:08,,,MISS Thompson 25' 3PT Jump Bank Shot,,,5,1641709,Ausar Thompson,1610612765.0,Detroit,Pistons,DET,0,0,,,,,,0,0,,,,,,1
268,0022300211,384,4,0,3,5:24 PM,9:06,Schroder REBOUND (Off:0 Def:2),,,,,4,203471,Dennis Schroder,1610612761.0,Toronto,Raptors,TOR,0,0,,,,,,0,0,,,,,,1
269,0022300211,385,6,2,3,5:24 PM,9:03,,,Knox II S.FOUL (P2.T3) (M.Boland),,,5,1628995,Kevin Knox II,1610612765.0,Detroit,Pistons,DET,4,1627783,Pascal Siakam,1610612761.0,Toronto,Raptors,TOR,1,0,,,,,,1
270,0022300211,387,3,11,3,5:25 PM,9:03,Siakam Free Throw 1 of 2 (11 PTS),,,50 - 77,27,4,1627783,Pascal Siakam,1610612761.0,Toronto,Raptors,TOR,0,0,,,,,,0,0,,,,,,1
271,0022300211,388,3,12,3,5:25 PM,9:03,Siakam Free Throw 2 of 2 (12 PTS),,,50 - 78,28,4,1627783,Pascal Siakam,1610612761.0,Toronto,Raptors,TOR,0,0,,,,,,0,0,,,,,,1
272,0022300211,389,1,98,3,5:26 PM,8:43,,,Stewart 1' Cutting Layup Shot (7 PTS) (Cunningham 4 AST),52 - 78,26,5,1630191,Isaiah Stewart,1610612765.0,Detroit,Pistons,DET,5,1630595,Cade Cunningham,1610612765.0,Detroit,Pistons,DET,0,0,,,,,,1
273,0022300211,391,6,2,3,5:26 PM,8:43,Poeltl S.FOUL (P3.T1) (M.Boland),,,,,4,1627751,Jakob Poeltl,1610612761.0,Toronto,Raptors,TOR,5,1630191,Isaiah Stewart,1610612765.0,Detroit,Pistons,DET,1,0,,,,,,1
274,0022300211,393,3,10,3,5:26 PM,8:43,,,Stewart Free Throw 1 of 1 (8 PTS),53 - 78,25,5,1630191,Isaiah Stewart,1610612765.0,Detroit,Pistons,DET,0,0,,,,,,0,0,,,,,,1
275,0022300211,394,1,101,3,5:27 PM,8:26,Schroder 9' Driving Floating Jump Shot (17 PTS),,,53 - 80,27,4,203471,Dennis Schroder,1610612761.0,Toronto,Raptors,TOR,0,0,,,,,,0,0,,,,,,1
276,0022300211,395,2,79,3,5:27 PM,8:13,,,MISS Knox II 26' 3PT Pullup Jump Shot,,,5,1628995,Kevin Knox II,1610612765.0,Detroit,Pistons,DET,0,0,,,,,,0,0,,,,,,1
277,0022300211,396,4,0,3,5:27 PM,8:13,Barnes REBOUND (Off:1 Def:4),,,,,4,1630567,Scottie Barnes,1610612761.0,Toronto,Raptors,TOR,0,0,,,,,,0,0,,,,,,1
278,0022300211,397,1,41,3,5:27 PM,8:06,Poeltl 1' Running Layup (12 PTS) (Barnes 7 AST),,,53 - 82,29,4,1627751,Jakob Poeltl,1610612761.0,Toronto,Raptors,TOR,4,1630567,Scottie Barnes,1610612761.0,Toronto,Raptors,TOR,0,0,,,,,,1
279,0022300211,399,2,5,3,5:27 PM,7:55,,,MISS Knox II 2' Layup,,,5,1628995,Kevin Knox II,1610612765.0,Detroit,Pistons,DET,0,0,,,,,,0,0,,,,,,1
280,0022300211,400,4,0,3,5:27 PM,7:53,Barnes REBOUND (Off:1 Def:5),,,,,4,1630567,Scottie Barnes,1610612761.0,Toronto,Raptors,TOR,0,0,,,,,,0,0,,,,,,1
281,0022300211,401,2,2,3,5:27 PM,7:50,MISS Schroder 26' 3PT Running Jump Shot,,,,,4,203471,Dennis Schroder,1610612761.0,Toronto,Raptors,TOR,0,0,,,,,,0,0,,,,,,1
282,0022300211,402,4,0,3,5:27 PM,7:46,,,Knox II REBOUND (Off:0 Def:3),,,5,1628995,Kevin Knox II,1610612765.0,Detroit,Pistons,DET,0,0,,,,,,0,0,,,,,,1
283,0022300211,403,5,45,3,5:27 PM,7:42,,,Cunningham Out of Bounds - Bad Pass Turnover Turnover (P2.T10),,,5,1630595,Cade Cunningham,1610612765.0,Detroit,Pistons,DET,0,0,,,,,,1,0,,,,,,1
284,0022300211,404,1,75,3,5:28 PM,7:27,Siakam 2' Driving Finger Roll Layup (14 PTS) (Schroder 6 AST),,,53 - 84,31,4,1627783,Pascal Siakam,1610612761.0,Toronto,Raptors,TOR,4,203471,Dennis Schroder,1610612761.0,Toronto,Raptors,TOR,0,0,,,,,,1
285,0022300211,405,9,1,3,5:28 PM,7:25,,,Pistons Timeout: Regular (Reg.3 Short 0),,,3,1610612765,,,,,,0,0,,,,,,0,0,,,,,,0
286,0022300211,407,8,0,3,5:30 PM,7:25,SUB: Trent Jr. FOR Barnes,,,,,4,1630567,Scottie Barnes,1610612761.0,Toronto,Raptors,TOR,4,1629018,Gary Trent Jr.,1610612761.0,Toronto,Raptors,TOR,0,0,,,,,,0
287,0022300211,409,6,1,3,5:31 PM,7:15,Anunoby P.FOUL (P2.T2) (M.Boland),,,,,4,1628384,OG Anunoby,1610612761.0,Toronto,Raptors,TOR,5,1630191,Isaiah Stewart,1610612765.0,Detroit,Pistons,DET,1,0,,,,,,1
288,0022300211,411,1,44,3,5:31 PM,7:08,,,Thompson 1' Reverse Layup (7 PTS) (Stewart 1 AST),55 - 84,29,5,1641709,Ausar Thompson,1610612765.0,Detroit,Pistons,DET,5,1630191,Isaiah Stewart,1610612765.0,Detroit,Pistons,DET,0,0,,,,,,1
289,0022300211,413,6,1,3,5:32 PM,6:59,,,Thompson P.FOUL (P2.T4) (E.Dalen),,,5,1641709,Ausar Thompson,1610612765.0,Detroit,Pistons,DET,4,203471,Dennis Schroder,1610612761.0,Toronto,Raptors,TOR,1,0,,,,,,1
290,0022300211,415,1,98,3,5:32 PM,6:45,Siakam 6' Cutting Layup Shot (16 PTS) (Anunoby 2 AST),,,55 - 86,31,4,1627783,Pascal Siakam,1610612761.0,Toronto,Raptors,TOR,4,1628384,OG Anunoby,1610612761.0,Toronto,Raptors,TOR,0,0,,,,,,1
291,0022300211,418,5,15,3,5:33 PM,6:37,,,Thompson Offensive Goaltending Turnover (P3.T11),,,5,1641709,Ausar Thompson,1610612765.0,Detroit,Pistons,DET,0,0,,,,,,1,0,,,,,,1
292,0022300211,419,8,0,3,5:33 PM,6:37,,,SUB: Burks FOR Ivey,,,5,1631093,Jaden Ivey,1610612765.0,Detroit,Pistons,DET,5,202692,Alec Burks,1610612765.0,Detroit,Pistons,DET,0,0,,,,,,0
293,0022300211,420,8,0,3,5:33 PM,6:37,,,SUB: Bagley III FOR Knox II,,,5,1628995,Kevin Knox II,1610612765.0,Detroit,Pistons,DET,5,1628963,Marvin Bagley III,1610612765.0,Detroit,Pistons,DET,0,0,,,,,,0
294,0022300211,423,6,2,3,5:33 PM,6:20,,,Cunningham S.FOUL (P2.PN) (M.Boland),,,5,1630595,Cade Cunningham,1610612765.0,Detroit,Pistons,DET,4,1628384,OG Anunoby,1610612761.0,Toronto,Raptors,TOR,1,0,,,,,,1
295,0022300211,425,3,11,3,5:34 PM,6:20,Anunoby Free Throw 1 of 2 (7 PTS),,,55 - 87,32,4,1628384,OG Anunoby,1610612761.0,Toronto,Raptors,TOR,0,0,,,,,,0,0,,,,,,1
296,0022300211,428,3,12,3,5:34 PM,6:20,MISS Anunoby Free Throw 2 of 2,,,,,4,1628384,OG Anunoby,1610612761.0,Toronto,Raptors,TOR,0,0,,,,,,0,0,,,,,,1
297,0022300211,426,8,0,3,5:34 PM,6:20,,,SUB: Umude FOR Thompson,,,5,1641709,Ausar Thompson,1610612765.0,Detroit,Pistons,DET,5,1630649,Stanley Umude,1610612765.0,Detroit,Pistons,DET,0,0,,,,,,0
298,0022300211,429,4,0,3,5:34 PM,6:18,,,Burks REBOUND (Off:1 Def:2),,,5,202692,Alec Burks,1610612765.0,Detroit,Pistons,DET,0,0,,,,,,0,0,,,,,,1
299,0022300211,431,2,101,3,5:35 PM,5:56,,,MISS Burks 13' Driving Floating Jump Shot,,,5,202692,Alec Burks,1610612765.0,Detroit,Pistons,DET,0,0,,,,,,0,0,,,,,,1
300,0022300211,432,4,0,3,5:35 PM,5:54,Poeltl REBOUND (Off:2 Def:7),,,,,4,1627751,Jakob Poeltl,1610612761.0,Toronto,Raptors,TOR,0,0,,,,,,0,0,,,,,,1
301,0022300211,433,1,101,3,5:35 PM,5:45,Trent Jr. 9' Driving Floating Jump Shot (8 PTS),,,55 - 89,34,4,1629018,Gary Trent Jr.,1610612761.0,Toronto,Raptors,TOR,0,0,,,,,,0,0,,,,,,1
302,0022300211,434,1,79,3,5:35 PM,5:32,,,Cunningham 27' 3PT Pullup Jump Shot (18 PTS),58 - 89,31,5,1630595,Cade Cunningham,1610612765.0,Detroit,Pistons,DET,0,0,,,,,,0,0,,,,,,1
303,0022300211,435,1,1,3,5:35 PM,5:18,Trent Jr. 26' 3PT Jump Shot (11 PTS) (Siakam 5 AST),,,58 - 92,34,4,1629018,Gary Trent Jr.,1610612761.0,Toronto,Raptors,TOR,4,1627783,Pascal Siakam,1610612761.0,Toronto,Raptors,TOR,0,0,,,,,,1
304,0022300211,437,2,79,3,5:36 PM,4:58,,,MISS Cunningham 18' Pullup Jump Shot,,,5,1630595,Cade Cunningham,1610612765.0,Detroit,Pistons,DET,0,0,,,,,,0,0,,,,,,1
305,0022300211,439,4,0,3,5:36 PM,4:55,Poeltl REBOUND (Off:2 Def:8),,,,,4,1627751,Jakob Poeltl,1610612761.0,Toronto,Raptors,TOR,0,0,,,,,,0,0,,,,,,1
306,0022300211,440,1,76,3,5:36 PM,4:51,Siakam 1' Running Finger Roll Layup (18 PTS),,,58 - 94,36,4,1627783,Pascal Siakam,1610612761.0,Toronto,Raptors,TOR,0,0,,,,,,0,0,,,,,,1
307,0022300211,441,6,2,3,5:36 PM,4:51,,,Burks S.FOUL (P2.PN) (J.Goble),,,5,202692,Alec Burks,1610612765.0,Detroit,Pistons,DET,4,1627783,Pascal Siakam,1610612761.0,Toronto,Raptors,TOR,1,0,,,,,,1
308,0022300211,443,8,0,3,5:36 PM,4:51,SUB: Flynn FOR Anunoby,,,,,4,1628384,OG Anunoby,1610612761.0,Toronto,Raptors,TOR,4,1630201,Malachi Flynn,1610612761.0,Toronto,Raptors,TOR,0,0,,,,,,0
309,0022300211,444,8,0,3,5:36 PM,4:51,,,SUB: Wiseman FOR Stewart,,,5,1630191,Isaiah Stewart,1610612765.0,Detroit,Pistons,DET,5,1630164,James Wiseman,1610612765.0,Detroit,Pistons,DET,0,0,,,,,,0
310,0022300211,447,3,10,3,5:36 PM,4:51,MISS Siakam Free Throw 1 of 1,,,,,4,1627783,Pascal Siakam,1610612761.0,Toronto,Raptors,TOR,0,0,,,,,,0,0,,,,,,1
311,0022300211,448,4,0,3,5:36 PM,4:48,Siakam REBOUND (Off:3 Def:4),,,,,4,1627783,Pascal Siakam,1610612761.0,Toronto,Raptors,TOR,0,0,,,,,,0,0,,,,,,1
312,0022300211,449,2,1,3,5:36 PM,4:44,MISS Trent Jr. 27' 3PT Jump Shot,,,,,4,1629018,Gary Trent Jr.,1610612761.0,Toronto,Raptors,TOR,0,0,,,,,,0,0,,,,,,1
313,0022300211,450,4,0,3,5:37 PM,4:41,,,Wiseman REBOUND (Off:0 Def:1),,,5,1630164,James Wiseman,1610612765.0,Detroit,Pistons,DET,0,0,,,,,,0,0,,,,,,1
314,0022300211,451,2,75,3,5:37 PM,4:34,Trent Jr. BLOCK (1 BLK),,MISS Cunningham 2' Driving Finger Roll Layup,,,5,1630595,Cade Cunningham,1610612765.0,Detroit,Pistons,DET,0,0,,,,,,4,1629018,Gary Trent Jr.,1610612761.0,Toronto,Raptors,TOR,1
315,0022300211,453,4,0,3,5:37 PM,4:33,,,Cunningham REBOUND (Off:2 Def:3),,,5,1630595,Cade Cunningham,1610612765.0,Detroit,Pistons,DET,0,0,,,,,,0,0,,,,,,1
316,0022300211,583,5,1,3,5:37 PM,4:32,Trent Jr. STEAL (1 STL),,Cunningham Bad Pass Turnover (P3.T12),,,5,1630595,Cade Cunningham,1610612765.0,Detroit,Pistons,DET,4,1629018,Gary Trent Jr.,1610612761.0,Toronto,Raptors,TOR,0,0,,,,,,1
317,0022300211,454,6,31,3,5:37 PM,4:31,,,Umude Transition Take Foul (P2.PN) (E.Dalen),,,5,1630649,Stanley Umude,1610612765.0,Detroit,Pistons,DET,4,1629018,Gary Trent Jr.,1610612761.0,Toronto,Raptors,TOR,1,0,,,,,,1
318,0022300211,456,3,10,3,5:37 PM,4:31,Trent Jr. Free Throw 1 of 1 (12 PTS),,,58 - 95,37,4,1629018,Gary Trent Jr.,1610612761.0,Toronto,Raptors,TOR,0,0,,,,,,0,0,,,,,,1
319,0022300211,457,8,0,3,5:37 PM,4:31,,,SUB: Sasser FOR Cunningham,,,5,1630595,Cade Cunningham,1610612765.0,Detroit,Pistons,DET,5,1631204,Marcus Sasser,1610612765.0,Detroit,Pistons,DET,0,0,,,,,,0
320,0022300211,459,1,99,3,5:38 PM,4:19,Poeltl 3' Cutting Finger Roll Layup Shot (14 PTS) (Siakam 6 AST),,,58 - 97,39,4,1627751,Jakob Poeltl,1610612761.0,Toronto,Raptors,TOR,4,1627783,Pascal Siakam,1610612761.0,Toronto,Raptors,TOR,0,0,,,,,,1
321,0022300211,461,1,1,3,5:38 PM,4:02,,,Umude 3PT Jump Shot (3 PTS) (Wiseman 1 AST),61 - 97,36,5,1630649,Stanley Umude,1610612765.0,Detroit,Pistons,DET,5,1630164,James Wiseman,1610612765.0,Detroit,Pistons,DET,0,0,,,,,,1
322,0022300211,463,9,1,3,5:38 PM,3:53,RAPTORS Timeout: Regular (Full 3 Short 0),,,,,2,1610612761,,,,,,0,0,,,,,,0,0,,,,,,0
323,0022300211,464,1,5,3,5:41 PM,3:42,Poeltl 1' Layup (16 PTS) (Schroder 7 AST),,,61 - 99,38,4,1627751,Jakob Poeltl,1610612761.0,Toronto,Raptors,TOR,4,203471,Dennis Schroder,1610612761.0,Toronto,Raptors,TOR,0,0,,,,,,1
324,0022300211,466,1,1,3,5:41 PM,3:26,,,Burks 26' 3PT Jump Shot (10 PTS) (Bagley III 2 AST),64 - 99,35,5,202692,Alec Burks,1610612765.0,Detroit,Pistons,DET,5,1628963,Marvin Bagley III,1610612765.0,Detroit,Pistons,DET,0,0,,,,,,1
325,0022300211,468,1,63,3,5:42 PM,3:05,Siakam 7' Fadeaway Jumper (20 PTS),,,64 - 101,37,4,1627783,Pascal Siakam,1610612761.0,Toronto,Raptors,TOR,0,0,,,,,,0,0,,,,,,1
326,0022300211,469,2,6,3,5:42 PM,2:50,,,MISS Wiseman 7' Driving Layup,,,5,1630164,James Wiseman,1610612765.0,Detroit,Pistons,DET,0,0,,,,,,0,0,,,,,,1
327,0022300211,470,4,0,3,5:42 PM,2:48,Trent Jr. REBOUND (Off:0 Def:1),,,,,4,1629018,Gary Trent Jr.,1610612761.0,Toronto,Raptors,TOR,0,0,,,,,,0,0,,,,,,1
328,0022300211,471,2,76,3,5:42 PM,2:44,MISS Schroder 2' Running Finger Roll Layup,,Umude BLOCK (1 BLK),,,4,203471,Dennis Schroder,1610612761.0,Toronto,Raptors,TOR,0,0,,,,,,5,1630649,Stanley Umude,1610612765.0,Detroit,Pistons,DET,1
329,0022300211,473,4,0,3,5:42 PM,2:42,RAPTORS Rebound,,,,,2,1610612761,,,,,,0,0,,,,,,0,0,,,,,,0
330,0022300211,475,8,0,3,5:42 PM,2:42,SUB: Achiuwa FOR Poeltl,,,,,4,1627751,Jakob Poeltl,1610612761.0,Toronto,Raptors,TOR,4,1630173,Precious Achiuwa,1610612761.0,Toronto,Raptors,TOR,0,0,,,,,,0
331,0022300211,477,2,86,3,5:43 PM,2:34,MISS Siakam 13' Turnaround Fadeaway Shot,,,,,4,1627783,Pascal Siakam,1610612761.0,Toronto,Raptors,TOR,0,0,,,,,,0,0,,,,,,1
332,0022300211,478,4,0,3,5:43 PM,2:32,,,Umude REBOUND (Off:0 Def:1),,,5,1630649,Stanley Umude,1610612765.0,Detroit,Pistons,DET,0,0,,,,,,0,0,,,,,,1
333,0022300211,479,1,79,3,5:43 PM,2:14,,,Sasser 15' Pullup Jump Shot (4 PTS) (Bagley III 3 AST),66 - 101,35,5,1631204,Marcus Sasser,1610612765.0,Detroit,Pistons,DET,5,1628963,Marvin Bagley III,1610612765.0,Detroit,Pistons,DET,0,0,,,,,,1
334,0022300211,481,6,1,3,5:43 PM,2:03,,,Sasser P.FOUL (P1.PN) (E.Dalen),,,5,1631204,Marcus Sasser,1610612765.0,Detroit,Pistons,DET,4,1630201,Malachi Flynn,1610612761.0,Toronto,Raptors,TOR,1,0,,,,,,1
335,0022300211,483,3,11,3,5:44 PM,2:03,MISS Flynn Free Throw 1 of 2,,,,,4,1630201,Malachi Flynn,1610612761.0,Toronto,Raptors,TOR,0,0,,,,,,0,0,,,,,,1
336,0022300211,484,4,1,3,5:44 PM,2:03,RAPTORS Rebound,,,,,2,1610612761,,,,,,0,0,,,,,,0,0,,,,,,0
337,0022300211,487,3,12,3,5:44 PM,2:03,MISS Flynn Free Throw 2 of 2,,,,,4,1630201,Malachi Flynn,1610612761.0,Toronto,Raptors,TOR,0,0,,,,,,0,0,,,,,,1
338,0022300211,485,8,0,3,5:44 PM,2:03,SUB: Barnes FOR Schroder,,,,,4,203471,Dennis Schroder,1610612761.0,Toronto,Raptors,TOR,4,1630567,Scottie Barnes,1610612761.0,Toronto,Raptors,TOR,0,0,,,,,,0
339,0022300211,488,4,0,3,5:44 PM,2:01,,,Bagley III REBOUND (Off:1 Def:1),,,5,1628963,Marvin Bagley III,1610612765.0,Detroit,Pistons,DET,0,0,,,,,,0,0,,,,,,1
340,0022300211,489,2,63,3,5:44 PM,1:46,,,MISS Wiseman 15' Fadeaway Jumper,,,5,1630164,James Wiseman,1610612765.0,Detroit,Pistons,DET,0,0,,,,,,0,0,,,,,,1
341,0022300211,490,4,0,3,5:45 PM,1:43,Achiuwa REBOUND (Off:0 Def:2),,,,,4,1630173,Precious Achiuwa,1610612761.0,Toronto,Raptors,TOR,0,0,,,,,,0,0,,,,,,1
342,0022300211,491,1,2,3,5:45 PM,1:38,Siakam 27' 3PT Running Jump Shot (23 PTS) (Achiuwa 3 AST),,,66 - 104,38,4,1627783,Pascal Siakam,1610612761.0,Toronto,Raptors,TOR,4,1630173,Precious Achiuwa,1610612761.0,Toronto,Raptors,TOR,0,0,,,,,,1
343,0022300211,493,6,2,3,5:45 PM,1:21,Siakam S.FOUL (P1.T3) (E.Dalen),,,,,4,1627783,Pascal Siakam,1610612761.0,Toronto,Raptors,TOR,5,202692,Alec Burks,1610612765.0,Detroit,Pistons,DET,1,0,,,,,,1
344,0022300211,495,3,11,3,5:45 PM,1:21,,,Burks Free Throw 1 of 2 (11 PTS),67 - 104,37,5,202692,Alec Burks,1610612765.0,Detroit,Pistons,DET,0,0,,,,,,0,0,,,,,,1
345,0022300211,496,8,0,3,5:45 PM,1:21,SUB: Anunoby FOR Siakam,,,,,4,1627783,Pascal Siakam,1610612761.0,Toronto,Raptors,TOR,4,1628384,OG Anunoby,1610612761.0,Toronto,Raptors,TOR,0,0,,,,,,0
346,0022300211,499,3,12,3,5:46 PM,1:21,,,Burks Free Throw 2 of 2 (12 PTS),68 - 104,36,5,202692,Alec Burks,1610612765.0,Detroit,Pistons,DET,0,0,,,,,,0,0,,,,,,1
347,0022300211,500,2,1,3,5:46 PM,1:12,MISS Anunoby 27' 3PT Jump Shot,,,,,4,1628384,OG Anunoby,1610612761.0,Toronto,Raptors,TOR,0,0,,,,,,0,0,,,,,,1
348,0022300211,501,4,0,3,5:46 PM,1:09,Barnes REBOUND (Off:2 Def:5),,,,,4,1630567,Scottie Barnes,1610612761.0,Toronto,Raptors,TOR,0,0,,,,,,0,0,,,,,,1
349,0022300211,502,2,1,3,5:46 PM,1:07,MISS Flynn 26' 3PT Jump Shot,,,,,4,1630201,Malachi Flynn,1610612761.0,Toronto,Raptors,TOR,0,0,,,,,,0,0,,,,,,1
350,0022300211,503,4,0,3,5:46 PM,1:05,,,Wiseman REBOUND (Off:0 Def:2),,,5,1630164,James Wiseman,1610612765.0,Detroit,Pistons,DET,0,0,,,,,,0,0,,,,,,1
351,0022300211,504,1,58,3,5:46 PM,0:56,,,Wiseman 4' Turnaround Hook Shot (4 PTS) (Burks 1 AST),70 - 104,34,5,1630164,James Wiseman,1610612765.0,Detroit,Pistons,DET,5,202692,Alec Burks,1610612765.0,Detroit,Pistons,DET,0,0,,,,,,1
352,0022300211,506,6,4,3,5:46 PM,0:48,Barnes OFF.Foul (P1) (J.Goble),,,,,4,1630567,Scottie Barnes,1610612761.0,Toronto,Raptors,TOR,5,1630164,James Wiseman,1610612765.0,Detroit,Pistons,DET,1,0,,,,,,1
353,0022300211,508,5,37,3,5:46 PM,0:48,Barnes Offensive Foul Turnover (P3.T5),,,,,4,1630567,Scottie Barnes,1610612761.0,Toronto,Raptors,TOR,0,0,,,,,,1,0,,,,,,1
354,0022300211,509,5,2,3,5:47 PM,0:35,Anunoby STEAL (1 STL),,Sasser Lost Ball Turnover (P2.T13),,,5,1631204,Marcus Sasser,1610612765.0,Detroit,Pistons,DET,4,1628384,OG Anunoby,1610612761.0,Toronto,Raptors,TOR,0,0,,,,,,1
355,0022300211,511,2,2,3,5:47 PM,0:29,MISS Trent Jr. 3PT Running Jump Shot,,,,,4,1629018,Gary Trent Jr.,1610612761.0,Toronto,Raptors,TOR,0,0,,,,,,0,0,,,,,,1
356,0022300211,512,4,0,3,5:47 PM,0:26,,,Burks REBOUND (Off:1 Def:3),,,5,202692,Alec Burks,1610612765.0,Detroit,Pistons,DET,0,0,,,,,,0,0,,,,,,1
357,0022300211,513,6,2,3,5:47 PM,0:07,Achiuwa S.FOUL (P1.PN) (J.Goble),,,,,4,1630173,Precious Achiuwa,1610612761.0,Toronto,Raptors,TOR,5,202692,Alec Burks,1610612765.0,Detroit,Pistons,DET,1,0,,,,,,1
358,0022300211,515,3,11,3,5:48 PM,0:07,,,Burks Free Throw 1 of 2 (13 PTS),71 - 104,33,5,202692,Alec Burks,1610612765.0,Detroit,Pistons,DET,0,0,,,,,,0,0,,,,,,1
359,0022300211,516,3,12,3,5:48 PM,0:07,,,Burks Free Throw 2 of 2 (14 PTS),72 - 104,32,5,202692,Alec Burks,1610612765.0,Detroit,Pistons,DET,0,0,,,,,,0,0,,,,,,1
360,0022300211,517,2,1,3,5:48 PM,0:00,MISS Anunoby 27' 3PT Jump Shot,,,,,4,1628384,OG Anunoby,1610612761.0,Toronto,Raptors,TOR,0,0,,,,,,0,0,,,,,,1
361,0022300211,518,4,0,3,5:48 PM,0:00,RAPTORS Rebound,,,,,2,1610612761,,,,,,0,0,,,,,,0,0,,,,,,1
362,0022300211,519,13,0,3,5:48 PM,0:00,,End of 3rd Period (5:48 PM EST),,72 - 104,32,0,0,,,,,,0,0,,,,,,0,0,,,,,,1
363,0022300211,522,12,0,4,5:51 PM,12:00,,Start of 4th Period (5:51 PM EST),,72 - 104,32,0,0,,,,,,0,0,,,,,,0,0,,,,,,0
364,0022300211,523,1,1,4,5:51 PM,11:47,Trent Jr. 25' 3PT Jump Shot (15 PTS) (Barnes 8 AST),,,72 - 107,35,4,1629018,Gary Trent Jr.,1610612761.0,Toronto,Raptors,TOR,4,1630567,Scottie Barnes,1610612761.0,Toronto,Raptors,TOR,0,0,,,,,,1
365,0022300211,525,6,2,4,5:52 PM,11:30,Boucher S.FOUL (P3.T1) (E.Dalen),,,,,4,1628449,Chris Boucher,1610612761.0,Toronto,Raptors,TOR,5,1630649,Stanley Umude,1610612765.0,Detroit,Pistons,DET,1,0,,,,,,1
366,0022300211,527,3,13,4,5:52 PM,11:30,,,MISS Umude Free Throw 1 of 3,,,5,1630649,Stanley Umude,1610612765.0,Detroit,Pistons,DET,0,0,,,,,,0,0,,,,,,1
367,0022300211,528,4,1,4,5:52 PM,11:30,,,Pistons Rebound,,,3,1610612765,,,,,,0,0,,,,,,0,0,,,,,,0
368,0022300211,529,3,14,4,5:52 PM,11:30,,,Umude Free Throw 2 of 3 (4 PTS),73 - 107,34,5,1630649,Stanley Umude,1610612765.0,Detroit,Pistons,DET,0,0,,,,,,0,0,,,,,,1
369,0022300211,530,8,0,4,5:52 PM,11:30,,,SUB: Thompson FOR Bagley III,,,5,1628963,Marvin Bagley III,1610612765.0,Detroit,Pistons,DET,5,1641709,Ausar Thompson,1610612765.0,Detroit,Pistons,DET,0,0,,,,,,0
370,0022300211,532,3,15,4,5:53 PM,11:30,,,Umude Free Throw 3 of 3 (5 PTS),74 - 107,33,5,1630649,Stanley Umude,1610612765.0,Detroit,Pistons,DET,0,0,,,,,,0,0,,,,,,1
371,0022300211,533,1,1,4,5:53 PM,11:07,Boucher 3PT Jump Shot (5 PTS) (Anunoby 3 AST),,,74 - 110,36,4,1628449,Chris Boucher,1610612761.0,Toronto,Raptors,TOR,4,1628384,OG Anunoby,1610612761.0,Toronto,Raptors,TOR,0,0,,,,,,1
372,0022300211,535,5,2,4,5:54 PM,10:44,Anunoby STEAL (2 STL),,Thompson Lost Ball Turnover (P4.T14),,,5,1641709,Ausar Thompson,1610612765.0,Detroit,Pistons,DET,4,1628384,OG Anunoby,1610612761.0,Toronto,Raptors,TOR,0,0,,,,,,1
373,0022300211,537,6,2,4,5:54 PM,10:41,,,Burks S.FOUL (P3.T1) (J.Goble),,,5,202692,Alec Burks,1610612765.0,Detroit,Pistons,DET,4,1628384,OG Anunoby,1610612761.0,Toronto,Raptors,TOR,1,0,,,,,,1
374,0022300211,539,3,11,4,5:54 PM,10:41,Anunoby Free Throw 1 of 2 (8 PTS),,,74 - 111,37,4,1628384,OG Anunoby,1610612761.0,Toronto,Raptors,TOR,0,0,,,,,,0,0,,,,,,1
375,0022300211,540,8,0,4,5:54 PM,10:41,,,SUB: Ivey FOR Burks,,,5,202692,Alec Burks,1610612765.0,Detroit,Pistons,DET,5,1631093,Jaden Ivey,1610612765.0,Detroit,Pistons,DET,0,0,,,,,,0
376,0022300211,542,3,12,4,5:54 PM,10:41,Anunoby Free Throw 2 of 2 (9 PTS),,,74 - 112,38,4,1628384,OG Anunoby,1610612761.0,Toronto,Raptors,TOR,0,0,,,,,,0,0,,,,,,1
377,0022300211,543,1,7,4,5:55 PM,10:27,,,Thompson 2' Dunk (9 PTS) (Ivey 2 AST),76 - 112,36,5,1641709,Ausar Thompson,1610612765.0,Detroit,Pistons,DET,5,1631093,Jaden Ivey,1610612765.0,Detroit,Pistons,DET,0,0,,,,,,1
378,0022300211,545,1,1,4,5:55 PM,10:04,Boucher 3PT Jump Shot (8 PTS) (Barnes 9 AST),,,76 - 115,39,4,1628449,Chris Boucher,1610612761.0,Toronto,Raptors,TOR,4,1630567,Scottie Barnes,1610612761.0,Toronto,Raptors,TOR,0,0,,,,,,1
379,0022300211,547,6,2,4,5:55 PM,9:54,Boucher S.FOUL (P4.T2) (M.Boland),,,,,4,1628449,Chris Boucher,1610612761.0,Toronto,Raptors,TOR,5,1630649,Stanley Umude,1610612765.0,Detroit,Pistons,DET,1,0,,,,,,1
380,0022300211,549,3,11,4,5:56 PM,9:54,,,Umude Free Throw 1 of 2 (6 PTS),77 - 115,38,5,1630649,Stanley Umude,1610612765.0,Detroit,Pistons,DET,0,0,,,,,,0,0,,,,,,1
381,0022300211,550,8,0,4,5:56 PM,9:54,SUB: Flynn FOR Barnes,,,,,4,1630567,Scottie Barnes,1610612761.0,Toronto,Raptors,TOR,4,1630201,Malachi Flynn,1610612761.0,Toronto,Raptors,TOR,0,0,,,,,,0
382,0022300211,552,3,12,4,5:56 PM,9:54,,,Umude Free Throw 2 of 2 (7 PTS),78 - 115,37,5,1630649,Stanley Umude,1610612765.0,Detroit,Pistons,DET,0,0,,,,,,0,0,,,,,,1
383,0022300211,553,2,1,4,5:56 PM,9:40,MISS Anunoby 26' 3PT Jump Shot,,,,,4,1628384,OG Anunoby,1610612761.0,Toronto,Raptors,TOR,0,0,,,,,,0,0,,,,,,1
384,0022300211,554,4,0,4,5:56 PM,9:37,,,Umude REBOUND (Off:0 Def:2),,,5,1630649,Stanley Umude,1610612765.0,Detroit,Pistons,DET,0,0,,,,,,0,0,,,,,,1
385,0022300211,555,1,2,4,5:56 PM,9:34,,,Sasser 26' 3PT Running Jump Shot (7 PTS) (Umude 2 AST),81 - 115,34,5,1631204,Marcus Sasser,1610612765.0,Detroit,Pistons,DET,5,1630649,Stanley Umude,1610612765.0,Detroit,Pistons,DET,0,0,,,,,,1
386,0022300211,557,2,1,4,5:56 PM,9:24,MISS Boucher 26' 3PT Jump Shot,,,,,4,1628449,Chris Boucher,1610612761.0,Toronto,Raptors,TOR,0,0,,,,,,0,0,,,,,,1
387,0022300211,558,4,0,4,5:56 PM,9:21,,,Ivey REBOUND (Off:0 Def:2),,,5,1631093,Jaden Ivey,1610612765.0,Detroit,Pistons,DET,0,0,,,,,,0,0,,,,,,1
388,0022300211,559,2,80,4,5:57 PM,9:10,,,MISS Sasser 25' 3PT Step Back Jump Shot,,,5,1631204,Marcus Sasser,1610612765.0,Detroit,Pistons,DET,0,0,,,,,,0,0,,,,,,1
389,0022300211,560,4,0,4,5:57 PM,9:06,Anunoby REBOUND (Off:1 Def:4),,,,,4,1628384,OG Anunoby,1610612761.0,Toronto,Raptors,TOR,0,0,,,,,,0,0,,,,,,1
390,0022300211,561,1,86,4,5:57 PM,8:57,Trent Jr. 17' Turnaround Fadeaway (17 PTS),,,81 - 117,36,4,1629018,Gary Trent Jr.,1610612761.0,Toronto,Raptors,TOR,0,0,,,,,,0,0,,,,,,1
391,0022300211,562,6,2,4,5:57 PM,8:57,,,Thompson S.FOUL (P3.T2) (E.Dalen),,,5,1641709,Ausar Thompson,1610612765.0,Detroit,Pistons,DET,4,1629018,Gary Trent Jr.,1610612761.0,Toronto,Raptors,TOR,1,0,,,,,,1
392,0022300211,564,3,10,4,5:57 PM,8:57,Trent Jr. Free Throw 1 of 1 (18 PTS),,,81 - 118,37,4,1629018,Gary Trent Jr.,1610612761.0,Toronto,Raptors,TOR,0,0,,,,,,0,0,,,,,,1
393,0022300211,565,6,2,4,5:58 PM,8:47,Anunoby S.FOUL (P3.T3) (J.Goble),,,,,4,1628384,OG Anunoby,1610612761.0,Toronto,Raptors,TOR,5,1630649,Stanley Umude,1610612765.0,Detroit,Pistons,DET,1,0,,,,,,1
394,0022300211,567,3,11,4,5:58 PM,8:47,,,Umude Free Throw 1 of 2 (8 PTS),82 - 118,36,5,1630649,Stanley Umude,1610612765.0,Detroit,Pistons,DET,0,0,,,,,,0,0,,,,,,1
395,0022300211,568,3,12,4,5:58 PM,8:47,,,Umude Free Throw 2 of 2 (9 PTS),83 - 118,35,5,1630649,Stanley Umude,1610612765.0,Detroit,Pistons,DET,0,0,,,,,,0,0,,,,,,1
396,0022300211,569,6,1,4,5:59 PM,8:36,,,Thompson P.FOUL (P4.T3) (J.Goble),,,5,1641709,Ausar Thompson,1610612765.0,Detroit,Pistons,DET,4,1628384,OG Anunoby,1610612761.0,Toronto,Raptors,TOR,1,0,,,,,,1
397,0022300211,571,1,57,4,5:59 PM,8:23,Boucher 10' Driving Hook Shot (10 PTS) (Trent Jr. 3 AST),,,83 - 120,37,4,1628449,Chris Boucher,1610612761.0,Toronto,Raptors,TOR,4,1629018,Gary Trent Jr.,1610612761.0,Toronto,Raptors,TOR,0,0,,,,,,1
398,0022300211,573,6,2,4,5:59 PM,8:23,,,Wiseman S.FOUL (P3.T4) (M.Boland),,,5,1630164,James Wiseman,1610612765.0,Detroit,Pistons,DET,4,1628449,Chris Boucher,1610612761.0,Toronto,Raptors,TOR,1,0,,,,,,1
399,0022300211,575,8,0,4,5:59 PM,8:23,SUB: Dick FOR Trent Jr.,,,,,4,1629018,Gary Trent Jr.,1610612761.0,Toronto,Raptors,TOR,4,1641711,Gradey Dick,1610612761.0,Toronto,Raptors,TOR,0,0,,,,,,0
400,0022300211,577,3,10,4,6:00 PM,8:23,MISS Boucher Free Throw 1 of 1,,,,,4,1628449,Chris Boucher,1610612761.0,Toronto,Raptors,TOR,0,0,,,,,,0,0,,,,,,1
401,0022300211,578,4,0,4,6:00 PM,8:20,Achiuwa REBOUND (Off:1 Def:2),,,,,4,1630173,Precious Achiuwa,1610612761.0,Toronto,Raptors,TOR,0,0,,,,,,0,0,,,,,,1
402,0022300211,579,2,80,4,6:00 PM,8:12,MISS Boucher 23' Step Back Jump Shot,,,,,4,1628449,Chris Boucher,1610612761.0,Toronto,Raptors,TOR,0,0,,,,,,0,0,,,,,,1
403,0022300211,580,4,0,4,6:00 PM,8:10,,,Thompson REBOUND (Off:1 Def:8),,,5,1641709,Ausar Thompson,1610612765.0,Detroit,Pistons,DET,0,0,,,,,,0,0,,,,,,1
404,0022300211,581,1,103,4,6:00 PM,8:05,,,Umude 27' 3PT Running Pull-Up Jump Shot (12 PTS) (Thompson 2 AST),86 - 120,34,5,1630649,Stanley Umude,1610612765.0,Detroit,Pistons,DET,5,1641709,Ausar Thompson,1610612765.0,Detroit,Pistons,DET,0,0,,,,,,1
405,0022300211,582,9,1,4,6:00 PM,8:03,RAPTORS Timeout: Regular (Full 4 Short 0),,,,,2,1610612761,,,,,,0,0,,,,,,0,0,,,,,,0
406,0022300211,585,8,0,4,6:00 PM,8:03,SUB: McDaniels FOR Anunoby,,,,,4,1628384,OG Anunoby,1610612761.0,Toronto,Raptors,TOR,4,1629667,Jalen McDaniels,1610612761.0,Toronto,Raptors,TOR,0,0,,,,,,0
407,0022300211,588,1,63,4,6:03 PM,7:47,Achiuwa 6' Fadeaway Jumper (12 PTS) (Boucher 1 AST),,,86 - 122,36,4,1630173,Precious Achiuwa,1610612761.0,Toronto,Raptors,TOR,4,1628449,Chris Boucher,1610612761.0,Toronto,Raptors,TOR,0,0,,,,,,1
408,0022300211,590,2,1,4,6:03 PM,7:31,,,MISS Umude 3PT Jump Shot,,,5,1630649,Stanley Umude,1610612765.0,Detroit,Pistons,DET,0,0,,,,,,0,0,,,,,,1
409,0022300211,591,4,0,4,6:04 PM,7:29,Flynn REBOUND (Off:0 Def:2),,,,,4,1630201,Malachi Flynn,1610612761.0,Toronto,Raptors,TOR,0,0,,,,,,0,0,,,,,,1
410,0022300211,592,2,79,4,6:04 PM,7:22,MISS Achiuwa 27' 3PT Pullup Jump Shot,,,,,4,1630173,Precious Achiuwa,1610612761.0,Toronto,Raptors,TOR,0,0,,,,,,0,0,,,,,,1
411,0022300211,593,4,0,4,6:04 PM,7:19,,,Thompson REBOUND (Off:1 Def:9),,,5,1641709,Ausar Thompson,1610612765.0,Detroit,Pistons,DET,0,0,,,,,,0,0,,,,,,1
412,0022300211,594,5,1,4,6:04 PM,7:12,Boucher STEAL (1 STL),,Thompson Bad Pass Turnover (P5.T15),,,5,1641709,Ausar Thompson,1610612765.0,Detroit,Pistons,DET,4,1628449,Chris Boucher,1610612761.0,Toronto,Raptors,TOR,0,0,,,,,,1
413,0022300211,596,2,76,4,6:04 PM,7:08,MISS Achiuwa 2' Running Finger Roll Layup,,,,,4,1630173,Precious Achiuwa,1610612761.0,Toronto,Raptors,TOR,0,0,,,,,,0,0,,,,,,1
414,0022300211,597,4,0,4,6:04 PM,7:06,,,Umude REBOUND (Off:0 Def:3),,,5,1630649,Stanley Umude,1610612765.0,Detroit,Pistons,DET,0,0,,,,,,0,0,,,,,,1
415,0022300211,598,1,41,4,6:04 PM,7:04,,,Ivey 1' Running Layup (4 PTS) (Umude 3 AST),88 - 122,34,5,1631093,Jaden Ivey,1610612765.0,Detroit,Pistons,DET,5,1630649,Stanley Umude,1610612765.0,Detroit,Pistons,DET,0,0,,,,,,1
416,0022300211,600,6,2,4,6:04 PM,7:04,Flynn S.FOUL (P2.T4) (E.Dalen),,,,,4,1630201,Malachi Flynn,1610612761.0,Toronto,Raptors,TOR,5,1631093,Jaden Ivey,1610612765.0,Detroit,Pistons,DET,1,0,,,,,,1
417,0022300211,602,3,10,4,6:04 PM,7:04,,,MISS Ivey Free Throw 1 of 1,,,5,1631093,Jaden Ivey,1610612765.0,Detroit,Pistons,DET,0,0,,,,,,0,0,,,,,,1
418,0022300211,603,4,0,4,6:04 PM,7:02,Boucher REBOUND (Off:0 Def:4),,,,,4,1628449,Chris Boucher,1610612761.0,Toronto,Raptors,TOR,0,0,,,,,,0,0,,,,,,1
419,0022300211,604,1,80,4,6:05 PM,6:46,Flynn 27' 3PT Step Back Jump Shot (3 PTS) (Achiuwa 4 AST),,,88 - 125,37,4,1630201,Malachi Flynn,1610612761.0,Toronto,Raptors,TOR,4,1630173,Precious Achiuwa,1610612761.0,Toronto,Raptors,TOR,0,0,,,,,,1
420,0022300211,606,5,2,4,6:05 PM,6:29,Flynn STEAL (2 STL),,Sasser Lost Ball Turnover (P3.T16),,,5,1631204,Marcus Sasser,1610612765.0,Detroit,Pistons,DET,4,1630201,Malachi Flynn,1610612761.0,Toronto,Raptors,TOR,0,0,,,,,,1
421,0022300211,608,1,41,4,6:05 PM,6:26,Flynn 2' Running Layup (5 PTS),,,88 - 127,39,4,1630201,Malachi Flynn,1610612761.0,Toronto,Raptors,TOR,0,0,,,,,,0,0,,,,,,1
422,0022300211,609,7,1,4,6:05 PM,6:23,RAPTORS Violation: Delay of game Violation,,,,,2,1610612761,,,,,,0,0,,,,,,1,0,,,,,,0
423,0022300211,610,6,4,4,6:05 PM,6:14,,,Wiseman OFF.Foul (P4) (E.Dalen),,,5,1630164,James Wiseman,1610612765.0,Detroit,Pistons,DET,4,1630201,Malachi Flynn,1610612761.0,Toronto,Raptors,TOR,1,0,,,,,,1
424,0022300211,612,5,37,4,6:05 PM,6:14,,,Wiseman Offensive Foul Turnover (P2.T17),,,5,1630164,James Wiseman,1610612765.0,Detroit,Pistons,DET,0,0,,,,,,1,0,,,,,,1
425,0022300211,613,2,1,4,6:06 PM,6:01,MISS Dick 25' 3PT Jump Shot,,,,,4,1641711,Gradey Dick,1610612761.0,Toronto,Raptors,TOR,0,0,,,,,,0,0,,,,,,1
426,0022300211,614,4,0,4,6:06 PM,5:57,,,Wiseman REBOUND (Off:0 Def:3),,,5,1630164,James Wiseman,1610612765.0,Detroit,Pistons,DET,0,0,,,,,,0,0,,,,,,1
427,0022300211,615,2,1,4,6:06 PM,5:50,,,MISS Ivey 30' 3PT Jump Shot,,,5,1631093,Jaden Ivey,1610612765.0,Detroit,Pistons,DET,0,0,,,,,,0,0,,,,,,1
428,0022300211,616,4,0,4,6:06 PM,5:46,Achiuwa REBOUND (Off:1 Def:3),,,,,4,1630173,Precious Achiuwa,1610612761.0,Toronto,Raptors,TOR,0,0,,,,,,0,0,,,,,,1
429,0022300211,617,2,41,4,6:06 PM,5:44,MISS Achiuwa 5' Running Layup,,,,,4,1630173,Precious Achiuwa,1610612761.0,Toronto,Raptors,TOR,0,0,,,,,,0,0,,,,,,1
430,0022300211,618,4,0,4,6:06 PM,5:44,Boucher REBOUND (Off:1 Def:4),,,,,4,1628449,Chris Boucher,1610612761.0,Toronto,Raptors,TOR,0,0,,,,,,0,0,,,,,,1
431,0022300211,619,6,2,4,6:06 PM,5:43,,,Thompson S.FOUL (P5.PN) (M.Boland),,,5,1641709,Ausar Thompson,1610612765.0,Detroit,Pistons,DET,4,1628449,Chris Boucher,1610612761.0,Toronto,Raptors,TOR,1,0,,,,,,1
432,0022300211,621,3,11,4,6:07 PM,5:43,MISS Boucher Free Throw 1 of 2,,,,,4,1628449,Chris Boucher,1610612761.0,Toronto,Raptors,TOR,0,0,,,,,,0,0,,,,,,1
433,0022300211,622,4,1,4,6:07 PM,5:43,RAPTORS Rebound,,,,,2,1610612761,,,,,,0,0,,,,,,0,0,,,,,,1
434,0022300211,623,3,12,4,6:07 PM,5:43,Boucher Free Throw 2 of 2 (11 PTS),,,88 - 128,40,4,1628449,Chris Boucher,1610612761.0,Toronto,Raptors,TOR,0,0,,,,,,0,0,,,,,,1
435,0022300211,624,1,79,4,6:07 PM,5:30,,,Sasser 18' Pullup Jump Shot (9 PTS) (Ivey 3 AST),90 - 128,38,5,1631204,Marcus Sasser,1610612765.0,Detroit,Pistons,DET,5,1631093,Jaden Ivey,1610612765.0,Detroit,Pistons,DET,0,0,,,,,,1
436,0022300211,626,2,1,4,6:07 PM,5:16,MISS McDaniels 27' 3PT Jump Shot,,,,,4,1629667,Jalen McDaniels,1610612761.0,Toronto,Raptors,TOR,0,0,,,,,,0,0,,,,,,1
437,0022300211,627,4,0,4,6:07 PM,5:12,Achiuwa REBOUND (Off:2 Def:3),,,,,4,1630173,Precious Achiuwa,1610612761.0,Toronto,Raptors,TOR,0,0,,,,,,0,0,,,,,,1
438,0022300211,628,1,78,4,6:07 PM,5:10,McDaniels 10' Floating Jump Shot (2 PTS) (Achiuwa 5 AST),,,90 - 130,40,4,1629667,Jalen McDaniels,1610612761.0,Toronto,Raptors,TOR,4,1630173,Precious Achiuwa,1610612761.0,Toronto,Raptors,TOR,0,0,,,,,,1
439,0022300211,630,1,99,4,6:08 PM,4:56,,,Wiseman 2' Cutting Finger Roll Layup Shot (6 PTS) (Ivey 4 AST),92 - 130,38,5,1630164,James Wiseman,1610612765.0,Detroit,Pistons,DET,5,1631093,Jaden Ivey,1610612765.0,Detroit,Pistons,DET,0,0,,,,,,1
440,0022300211,632,2,1,4,6:08 PM,4:41,MISS Achiuwa 26' 3PT Jump Shot,,,,,4,1630173,Precious Achiuwa,1610612761.0,Toronto,Raptors,TOR,0,0,,,,,,0,0,,,,,,1
441,0022300211,633,4,0,4,6:08 PM,4:40,Achiuwa REBOUND (Off:3 Def:3),,,,,4,1630173,Precious Achiuwa,1610612761.0,Toronto,Raptors,TOR,0,0,,,,,,0,0,,,,,,1
442,0022300211,634,6,2,4,6:08 PM,4:39,,,Thompson S.FOUL (P6.PN) (E.Dalen),,,5,1641709,Ausar Thompson,1610612765.0,Detroit,Pistons,DET,4,1630173,Precious Achiuwa,1610612761.0,Toronto,Raptors,TOR,1,0,,,,,,1
443,0022300211,636,8,0,4,6:08 PM,4:39,,,SUB: Knox II FOR Thompson,,,5,1641709,Ausar Thompson,1610612765.0,Detroit,Pistons,DET,5,1628995,Kevin Knox II,1610612765.0,Detroit,Pistons,DET,0,0,,,,,,0
444,0022300211,638,3,11,4,6:09 PM,4:39,MISS Achiuwa Free Throw 1 of 2,,,,,4,1630173,Precious Achiuwa,1610612761.0,Toronto,Raptors,TOR,0,0,,,,,,0,0,,,,,,1
445,0022300211,639,4,1,4,6:09 PM,4:39,RAPTORS Rebound,,,,,2,1610612761,,,,,,0,0,,,,,,0,0,,,,,,0
446,0022300211,640,3,12,4,6:09 PM,4:39,MISS Achiuwa Free Throw 2 of 2,,,,,4,1630173,Precious Achiuwa,1610612761.0,Toronto,Raptors,TOR,0,0,,,,,,0,0,,,,,,1
447,0022300211,641,4,0,4,6:09 PM,4:38,RAPTORS Rebound,,,,,2,1610612761,,,,,,0,0,,,,,,0,0,,,,,,0
448,0022300211,643,2,102,4,6:09 PM,4:32,MISS Dick 11' Driving Floating Bank Jump Shot,,,,,4,1641711,Gradey Dick,1610612761.0,Toronto,Raptors,TOR,0,0,,,,,,0,0,,,,,,1
449,0022300211,644,4,0,4,6:09 PM,4:30,,,Sasser REBOUND (Off:0 Def:1),,,5,1631204,Marcus Sasser,1610612765.0,Detroit,Pistons,DET,0,0,,,,,,0,0,,,,,,1
450,0022300211,645,1,74,4,6:09 PM,4:24,,,Umude 3' Running Reverse Layup (14 PTS) (Sasser 1 AST),94 - 130,36,5,1630649,Stanley Umude,1610612765.0,Detroit,Pistons,DET,5,1631204,Marcus Sasser,1610612765.0,Detroit,Pistons,DET,0,0,,,,,,1
451,0022300211,647,1,79,4,6:10 PM,4:08,Flynn 11' Pullup Jump Shot (7 PTS) (McDaniels 1 AST),,,94 - 132,38,4,1630201,Malachi Flynn,1610612761.0,Toronto,Raptors,TOR,4,1629667,Jalen McDaniels,1610612761.0,Toronto,Raptors,TOR,0,0,,,,,,1
452,0022300211,649,1,6,4,6:10 PM,3:51,,,Umude 1' Driving Layup (16 PTS) (Sasser 2 AST),96 - 132,36,5,1630649,Stanley Umude,1610612765.0,Detroit,Pistons,DET,5,1631204,Marcus Sasser,1610612765.0,Detroit,Pistons,DET,0,0,,,,,,1
453,0022300211,651,6,1,4,6:10 PM,3:39,,,Knox II P.FOUL (P3.PN) (J.Goble),,,5,1628995,Kevin Knox II,1610612765.0,Detroit,Pistons,DET,4,1641711,Gradey Dick,1610612761.0,Toronto,Raptors,TOR,1,0,,,,,,1
454,0022300211,653,3,11,4,6:11 PM,3:39,Dick Free Throw 1 of 2 (1 PTS),,,96 - 133,37,4,1641711,Gradey Dick,1610612761.0,Toronto,Raptors,TOR,0,0,,,,,,0,0,,,,,,1
455,0022300211,654,8,0,4,6:11 PM,3:39,SUB: Harper Jr. FOR Achiuwa,,,,,4,1630173,Precious Achiuwa,1610612761.0,Toronto,Raptors,TOR,4,1631199,Ron Harper Jr.,1610612761.0,Toronto,Raptors,TOR,0,0,,,,,,0
456,0022300211,656,9,1,4,6:11 PM,3:39,,,Pistons Timeout: Regular (Reg.4 Short 0),,,3,1610612765,,,,,,0,0,,,,,,0,0,,,,,,0
457,0022300211,657,3,12,4,6:14 PM,3:39,Dick Free Throw 2 of 2 (2 PTS),,,96 - 134,38,4,1641711,Gradey Dick,1610612761.0,Toronto,Raptors,TOR,0,0,,,,,,0,0,,,,,,1
458,0022300211,658,6,1,4,6:14 PM,3:28,Flynn P.FOUL (P3.PN) (J.Goble),,,,,4,1630201,Malachi Flynn,1610612761.0,Toronto,Raptors,TOR,5,1631093,Jaden Ivey,1610612765.0,Detroit,Pistons,DET,1,0,,,,,,1
459,0022300211,660,3,11,4,6:14 PM,3:28,,,Ivey Free Throw 1 of 2 (5 PTS),97 - 134,37,5,1631093,Jaden Ivey,1610612765.0,Detroit,Pistons,DET,0,0,,,,,,0,0,,,,,,1
460,0022300211,661,3,12,4,6:15 PM,3:28,,,Ivey Free Throw 2 of 2 (6 PTS),98 - 134,36,5,1631093,Jaden Ivey,1610612765.0,Detroit,Pistons,DET,0,0,,,,,,0,0,,,,,,1
461,0022300211,662,2,63,4,6:15 PM,3:10,MISS Flynn 14' Fadeaway Jumper,,,,,4,1630201,Malachi Flynn,1610612761.0,Toronto,Raptors,TOR,0,0,,,,,,0,0,,,,,,1
462,0022300211,663,4,0,4,6:15 PM,3:08,,,Ivey REBOUND (Off:0 Def:3),,,5,1631093,Jaden Ivey,1610612765.0,Detroit,Pistons,DET,0,0,,,,,,0,0,,,,,,1
463,0022300211,664,6,1,4,6:15 PM,3:06,Harper Jr. P.FOUL (P1.PN) (M.Boland),,,,,4,1631199,Ron Harper Jr.,1610612761.0,Toronto,Raptors,TOR,5,1630164,James Wiseman,1610612765.0,Detroit,Pistons,DET,1,0,,,,,,1
464,0022300211,666,3,11,4,6:15 PM,3:06,,,Wiseman Free Throw 1 of 2 (7 PTS),99 - 134,35,5,1630164,James Wiseman,1610612765.0,Detroit,Pistons,DET,0,0,,,,,,0,0,,,,,,1
465,0022300211,667,3,12,4,6:15 PM,3:06,,,MISS Wiseman Free Throw 2 of 2,,,5,1630164,James Wiseman,1610612765.0,Detroit,Pistons,DET,0,0,,,,,,0,0,,,,,,1
466,0022300211,668,4,0,4,6:16 PM,3:03,Boucher REBOUND (Off:1 Def:5),,,,,4,1628449,Chris Boucher,1610612761.0,Toronto,Raptors,TOR,0,0,,,,,,0,0,,,,,,1
467,0022300211,669,1,1,4,6:16 PM,2:47,Dick 31' 3PT Jump Shot (5 PTS) (Flynn 3 AST),,,99 - 137,38,4,1641711,Gradey Dick,1610612761.0,Toronto,Raptors,TOR,4,1630201,Malachi Flynn,1610612761.0,Toronto,Raptors,TOR,0,0,,,,,,1
468,0022300211,671,1,102,4,6:16 PM,2:41,,,Ivey 6' Driving Floating Bank Jump Shot (8 PTS),101 - 137,36,5,1631093,Jaden Ivey,1610612765.0,Detroit,Pistons,DET,0,0,,,,,,0,0,,,,,,1
469,0022300211,672,6,2,4,6:16 PM,2:41,Flynn S.FOUL (P4.PN) (E.Dalen),,,,,4,1630201,Malachi Flynn,1610612761.0,Toronto,Raptors,TOR,5,1631093,Jaden Ivey,1610612765.0,Detroit,Pistons,DET,1,0,,,,,,1
470,0022300211,674,3,10,4,6:16 PM,2:41,,,Ivey Free Throw 1 of 1 (9 PTS),102 - 137,35,5,1631093,Jaden Ivey,1610612765.0,Detroit,Pistons,DET,0,0,,,,,,0,0,,,,,,1
471,0022300211,675,7,5,4,6:17 PM,2:22,,,Ivey Violation:Kicked Ball (M.Boland),,,5,1631093,Jaden Ivey,1610612765.0,Detroit,Pistons,DET,0,0,,,,,,1,0,,,,,,0
472,0022300211,677,5,40,4,6:18 PM,2:15,McDaniels Out of Bounds Lost Ball Turnover (P1.T6),,,,,4,1629667,Jalen McDaniels,1610612761.0,Toronto,Raptors,TOR,0,0,,,,,,1,0,,,,,,1
473,0022300211,678,6,2,4,6:18 PM,2:02,Harper Jr. S.FOUL (P2.PN) (J.Goble),,,,,4,1631199,Ron Harper Jr.,1610612761.0,Toronto,Raptors,TOR,5,1630164,James Wiseman,1610612765.0,Detroit,Pistons,DET,1,0,,,,,,1
474,0022300211,680,3,11,4,6:18 PM,2:02,,,Wiseman Free Throw 1 of 2 (8 PTS),103 - 137,34,5,1630164,James Wiseman,1610612765.0,Detroit,Pistons,DET,0,0,,,,,,0,0,,,,,,1
475,0022300211,681,3,12,4,6:18 PM,2:02,,,Wiseman Free Throw 2 of 2 (9 PTS),104 - 137,33,5,1630164,James Wiseman,1610612765.0,Detroit,Pistons,DET,0,0,,,,,,0,0,,,,,,1
476,0022300211,682,1,1,4,6:19 PM,1:49,Boucher 26' 3PT Jump Shot (14 PTS) (Flynn 4 AST),,,104 - 140,36,4,1628449,Chris Boucher,1610612761.0,Toronto,Raptors,TOR,4,1630201,Malachi Flynn,1610612761.0,Toronto,Raptors,TOR,0,0,,,,,,1
477,0022300211,684,1,7,4,6:19 PM,1:45,,,Wiseman 1' Dunk (11 PTS) (Sasser 3 AST),106 - 140,34,5,1630164,James Wiseman,1610612765.0,Detroit,Pistons,DET,5,1631204,Marcus Sasser,1610612765.0,Detroit,Pistons,DET,0,0,,,,,,1
478,0022300211,686,5,2,4,6:19 PM,1:38,Flynn Lost Ball Turnover (P1.T7),,Sasser STEAL (1 STL),,,4,1630201,Malachi Flynn,1610612761.0,Toronto,Raptors,TOR,5,1631204,Marcus Sasser,1610612765.0,Detroit,Pistons,DET,0,0,,,,,,1
479,0022300211,688,2,41,4,6:19 PM,1:34,,,MISS Ivey 3' Running Layup,,,5,1631093,Jaden Ivey,1610612765.0,Detroit,Pistons,DET,0,0,,,,,,0,0,,,,,,1
480,0022300211,689,4,0,4,6:19 PM,1:33,,,Pistons Rebound,,,3,1610612765,,,,,,0,0,,,,,,0,0,,,,,,1
481,0022300211,691,1,6,4,6:19 PM,1:30,,,Umude 7' Driving Layup (18 PTS) (Sasser 4 AST),108 - 140,32,5,1630649,Stanley Umude,1610612765.0,Detroit,Pistons,DET,5,1631204,Marcus Sasser,1610612765.0,Detroit,Pistons,DET,0,0,,,,,,1
482,0022300211,693,6,2,4,6:19 PM,1:30,McDaniels S.FOUL (P1.PN) (J.Goble),,,,,4,1629667,Jalen McDaniels,1610612761.0,Toronto,Raptors,TOR,5,1630649,Stanley Umude,1610612765.0,Detroit,Pistons,DET,1,0,,,,,,1
483,0022300211,695,3,10,4,6:20 PM,1:30,,,Umude Free Throw 1 of 1 (19 PTS),109 - 140,31,5,1630649,Stanley Umude,1610612765.0,Detroit,Pistons,DET,0,0,,,,,,0,0,,,,,,1
484,0022300211,696,1,6,4,6:20 PM,1:12,McDaniels 4' Driving Layup (4 PTS) (Harper Jr. 1 AST),,,109 - 142,33,4,1629667,Jalen McDaniels,1610612761.0,Toronto,Raptors,TOR,4,1631199,Ron Harper Jr.,1610612761.0,Toronto,Raptors,TOR,0,0,,,,,,1
485,0022300211,698,1,71,4,6:20 PM,1:01,,,Wiseman 2' Finger Roll Layup (13 PTS) (Sasser 5 AST),111 - 142,31,5,1630164,James Wiseman,1610612765.0,Detroit,Pistons,DET,5,1631204,Marcus Sasser,1610612765.0,Detroit,Pistons,DET,0,0,,,,,,1
486,0022300211,700,6,2,4,6:21 PM,1:01,Dick S.FOUL (P2.PN) (E.Dalen),,,,,4,1641711,Gradey Dick,1610612761.0,Toronto,Raptors,TOR,5,1630164,James Wiseman,1610612765.0,Detroit,Pistons,DET,1,0,,,,,,1
487,0022300211,702,3,10,4,6:21 PM,1:01,,,MISS Wiseman Free Throw 1 of 1,,,5,1630164,James Wiseman,1610612765.0,Detroit,Pistons,DET,0,0,,,,,,0,0,,,,,,1
488,0022300211,703,4,0,4,6:21 PM,0:59,McDaniels REBOUND (Off:0 Def:1),,,,,4,1629667,Jalen McDaniels,1610612761.0,Toronto,Raptors,TOR,0,0,,,,,,0,0,,,,,,1
489,0022300211,704,2,102,4,6:21 PM,0:52,MISS McDaniels 9' Driving Floating Bank Jump Shot,,,,,4,1629667,Jalen McDaniels,1610612761.0,Toronto,Raptors,TOR,0,0,,,,,,0,0,,,,,,1
490,0022300211,705,4,0,4,6:21 PM,0:50,,,Umude REBOUND (Off:0 Def:4),,,5,1630649,Stanley Umude,1610612765.0,Detroit,Pistons,DET,0,0,,,,,,0,0,,,,,,1
491,0022300211,706,2,79,4,6:21 PM,0:42,Boucher BLOCK (1 BLK),,MISS Knox II 3PT Pullup Jump Shot,,,5,1628995,Kevin Knox II,1610612765.0,Detroit,Pistons,DET,0,0,,,,,,4,1628449,Chris Boucher,1610612761.0,Toronto,Raptors,TOR,1
492,0022300211,708,4,0,4,6:21 PM,0:41,,,Pistons Rebound,,,3,1610612765,,,,,,0,0,,,,,,0,0,,,,,,0
493,0022300211,710,2,93,4,6:22 PM,0:35,,,MISS Knox II 9' Driving Bank Hook Shot,,,5,1628995,Kevin Knox II,1610612765.0,Detroit,Pistons,DET,0,0,,,,,,0,0,,,,,,1
494,0022300211,711,4,0,4,6:22 PM,0:33,,,Knox II REBOUND (Off:1 Def:3),,,5,1628995,Kevin Knox II,1610612765.0,Detroit,Pistons,DET,0,0,,,,,,0,0,,,,,,1
495,0022300211,712,1,5,4,6:22 PM,0:29,,,Wiseman Layup (15 PTS) (Sasser 6 AST),113 - 142,29,5,1630164,James Wiseman,1610612765.0,Detroit,Pistons,DET,5,1631204,Marcus Sasser,1610612765.0,Detroit,Pistons,DET,0,0,,,,,,1
496,0022300211,714,5,11,4,6:22 PM,0:05,RAPTORS Turnover: Shot Clock (T#8),,,,,2,1610612761,,,,,,0,0,,,,,,1,0,,,,,,0
497,0022300211,715,13,0,4,6:22 PM,0:00,,End of 4th Period (6:22 PM EST),,113 - 142,29,0,0,,,,,,0,0,,,,,,0,0,,,,,,1
